request_id,amount_safe_to_pay,affordability_status,recommended_payment_method,payment_plan,earliest_date_for_full_payment,spending_changes_needed,decision_explanation
request_26,15656000,affordable_now,full_payment,2025-08-03:15656000,2025-08-03,none,"IDR 15656000 is safe to pay today before optional cuts. The recommended full payment keeps the 90-day balance at or above IDR 24768300 (projected low IDR 71693581.52). A material obligation is Residential rent payment: IDR 10374000 on 2025-08-03. Confirmed forecast income includes IDR 13981778.48 on 2025-08-08; pending credits are excluded. This preserves the user's stated priorities: retirement investment, emergency savings. The recommendation is safe under the stated 90-day forecast, not guaranteed."
request_27,6670,affordable_now,full_payment,2026-07-05:6670,2026-07-05,none,"ZAR 6670 is safe to pay today before optional cuts. The recommended full payment keeps the 90-day balance at or above ZAR 20500 (projected low ZAR 62945.55). A material obligation is Monthly rent: ZAR 8360 on 2026-08-04. Confirmed forecast income includes ZAR 6574.36 on 2026-07-12; pending credits are excluded. This preserves the user's stated priorities: education, emergency savings. The recommendation is safe under the stated 90-day forecast, not guaranteed."
request_28,289.23,affordable_later,wait,2024-07-15:1302.40,2024-07-15,none,"EUR 289.23 is safe to pay today before optional cuts. The recommended wait keeps the 90-day balance at or above EUR 1100 (projected low EUR 1188.48). A material obligation is Shared housing rent: EUR 358.6 on 2024-07-01. Confirmed forecast income includes EUR 2105.4 on 2024-06-15; pending credits are excluded. Waiting uses the confirmed EUR 1452 inflow on 2024-07-15 before the full payment. A single full payment first becomes safe on 2024-07-15. This preserves the user's stated priorities: emergency savings, housing. The recommendation is safe under the stated 90-day forecast, not guaranteed."
request_29,1855.41,not_affordable,not_recommended,none,,none,"Only ZAR 1855.41 is safe today; no eligible plan can finish ZAR 51524 by 2025-11-23 while preserving the minimum balance of ZAR 28300. Baseline 90-day low: ZAR 30155.42 on 2026-02-02. A material obligation is School fee payment: ZAR 5170 on 2025-11-08. This is a forecast, not a guarantee of future cash flow."
request_30,775.2,affordable_with_plan,installments,2026-04-06:268.74|2026-05-06:268.74|2026-06-05:268.74,2026-04-06,none,"USD 775.2 is safe to pay today before optional cuts. The recommended installments keeps the 90-day balance at or above USD 900 (projected low USD 3309.3). A material obligation is Landlord standing order: USD 396 on 2026-05-03. Confirmed forecast income includes USD 679.12 on 2026-04-08; pending credits are excluded. This exact provider offer has 3 payments, total cost USD 806.22, and fee USD 31.02; it is the highest-ranked safe eligible offer. This preserves the user's stated priorities: retirement investment, emergency savings. The recommendation is safe under the stated 90-day forecast, not guaranteed."
request_31,2700039.53,affordable_later,wait,2024-11-15:18164000,2024-11-15,none,"IDR 2700039.53 is safe to pay today before optional cuts. The recommended wait keeps the 90-day balance at or above IDR 16588900 (projected low IDR 19288939.54). A material obligation is Residential rent payment: IDR 6080000 on 2024-09-04. Confirmed forecast income includes IDR 19646950 on 2024-09-15; pending credits are excluded. Waiting uses the confirmed IDR 19646950 inflow on 2024-11-15 before the full payment. A single full payment first becomes safe on 2024-11-15. This preserves the user's stated priorities: education, emergency savings. The recommendation is safe under the stated 90-day forecast, not guaranteed."
request_32,13339.36,not_affordable,not_recommended,none,,none,"Only ZAR 13339.36 is safe today; no eligible plan can finish ZAR 40018 by 2025-04-15 while preserving the minimum balance of ZAR 35700. Baseline 90-day low: ZAR 49039.36 on 2025-02-12. A material obligation is Monthly rent: ZAR 15664 on 2025-03-01. This is a forecast, not a guarantee of future cash flow."
request_33,30731.19,not_affordable,not_recommended,none,,none,"Only INR 30731.19 is safe today; no eligible plan can finish INR 118000 by 2026-03-15 while preserving the minimum balance of INR 102100. Baseline 90-day low: INR 132831.19 on 2026-01-14. A material obligation is Apartment rent transfer: INR 41900 on 2026-02-02. This is a forecast, not a guarantee of future cash flow."
request_34,129400,affordable_now,full_payment,2024-12-04:129400,2024-12-04,none,"INR 129400 is safe to pay today before optional cuts. The recommended full payment keeps the 90-day balance at or above INR 138500 (projected low INR 419209). A material obligation is Monthly rent: INR 51200 on 2025-01-03. Confirmed forecast income includes INR 80319.87 on 2024-12-08; pending credits are excluded. This preserves the user's stated priorities: retirement investment, emergency savings. The recommendation is safe under the stated 90-day forecast, not guaranteed."
request_35,22868.81,affordable_later,wait,2026-01-15:212000,2026-01-15,none,"INR 22868.81 is safe to pay today before optional cuts. The recommended wait keeps the 90-day balance at or above INR 106400 (projected low INR 129268.81). A material obligation is Shared housing rent: INR 37000 on 2025-11-04. Confirmed forecast income includes INR 160725 on 2025-11-15; pending credits are excluded. Waiting uses the confirmed INR 155057.45 inflow on 2026-01-15 before the full payment. A single full payment first becomes safe on 2026-01-15. This preserves the user's stated priorities: education, debt repayment. The recommendation is safe under the stated 90-day forecast, not guaranteed."
request_36,588.7,affordable_later,wait,2026-09-15:3954,2026-09-15,none,"USD 588.7 is safe to pay today before optional cuts. The recommended wait keeps the 90-day balance at or above USD 2400 (projected low USD 2988.71). A material obligation is Home association fee: USD 260 on 2026-08-02. Confirmed forecast income includes USD 2841.31 on 2026-07-15; pending credits are excluded. Waiting uses the confirmed USD 2988 inflow on 2026-09-15 before the full payment. A single full payment first becomes safe on 2026-09-15. This preserves the user's stated priorities: healthcare, retirement investment. The recommendation is safe under the stated 90-day forecast, not guaranteed."
request_37,4367687.15,affordable_later,wait,2024-05-15:14649000,2024-05-15,none,"IDR 4367687.15 is safe to pay today before optional cuts. The recommended wait keeps the 90-day balance at or above IDR 17056200 (projected low IDR 21423887.16). A material obligation is Monthly rent: IDR 6802000 on 2024-04-02. Confirmed forecast income includes IDR 30580500 on 2024-03-15; pending credits are excluded. Waiting uses the confirmed IDR 21090000 inflow on 2024-05-15 before the full payment. A single full payment first becomes safe on 2024-05-15. This preserves the user's stated priorities: emergency savings, housing. The recommendation is safe under the stated 90-day forecast, not guaranteed."
request_38,171.65,affordable_later,wait,2025-10-15:971.30,2025-10-15,none,"EUR 171.65 is safe to pay today before optional cuts. The recommended wait keeps the 90-day balance at or above EUR 400 (projected low EUR 571.65). A material obligation is Property maintenance contribution: EUR 68 on 2025-09-04. Confirmed forecast income includes EUR 725.91 on 2025-08-15; pending credits are excluded. Waiting uses the confirmed EUR 725.91 inflow on 2025-10-15 before the full payment. A single full payment first becomes safe on 2025-10-15. This preserves the user's stated priorities: education, family support. The recommendation is safe under the stated 90-day forecast, not guaranteed."
request_39,57446.06,affordable_later,wait,2026-06-15:208600,2026-06-15,none,"INR 57446.06 is safe to pay today before optional cuts. The recommended wait keeps the 90-day balance at or above INR 213400 (projected low INR 270846.07). A material obligation is Residential rent payment: INR 78000 on 2026-04-04. Confirmed forecast income includes INR 239938.96 on 2026-04-15; pending credits are excluded. Waiting uses the confirmed INR 253989.84 inflow on 2026-06-15 before the full payment. A single full payment first becomes safe on 2026-06-15. This preserves the user's stated priorities: emergency savings, travel. The recommendation is safe under the stated 90-day forecast, not guaranteed."
request_40,355.73,not_affordable,not_recommended,none,,none,"Only EUR 355.73 is safe today; no eligible plan can finish EUR 1290.3 by 2024-08-15 while preserving the minimum balance of EUR 1500. Baseline 90-day low: EUR 1855.73 on 2024-06-12. A material obligation is Shared housing rent: EUR 581.9 on 2024-07-01. This is a forecast, not a guarantee of future cash flow."
request_41,7644359.42,affordable_later,wait,2026-01-15:38760000,2026-01-15,none,"IDR 7644359.42 is safe to pay today before optional cuts. The recommended wait keeps the 90-day balance at or above IDR 25366600 (projected low IDR 33010959.43). A material obligation is Residential rent payment: IDR 9481000 on 2025-12-02. Confirmed forecast income includes IDR 42559991.04 on 2025-11-15; pending credits are excluded. Waiting uses the confirmed IDR 40776784.43 inflow on 2026-01-15 before the full payment. A single full payment first becomes safe on 2026-01-15. This preserves the user's stated priorities: emergency savings, travel. The recommendation is safe under the stated 90-day forecast, not guaranteed."
request_42,52100,affordable_now,full_payment,2026-01-05:52100,2026-01-05,none,"INR 52100 is safe to pay today before optional cuts. The recommended full payment keeps the 90-day balance at or above INR 113100 (projected low INR 156722.24). A material obligation is Apartment rent transfer: INR 40200 on 2026-02-03. Confirmed forecast income includes INR 139247.49 on 2026-01-15; pending credits are excluded. This preserves the user's stated priorities: emergency savings, travel. The recommendation is safe under the stated 90-day forecast, not guaranteed."
request_43,8273626.87,affordable_later,wait,2024-11-15:43339000,2024-11-15,none,"IDR 8273626.87 is safe to pay today before optional cuts. The recommended wait keeps the 90-day balance at or above IDR 21398000 (projected low IDR 29671626.88). A material obligation is Monthly rent: IDR 8911000 on 2024-10-04. Confirmed forecast income includes IDR 32870000 on 2024-09-15; pending credits are excluded. Waiting uses the confirmed IDR 32870000 inflow on 2024-11-15 before the full payment. A single full payment first becomes safe on 2024-11-15. This preserves the user's stated priorities: debt repayment, emergency savings. The recommendation is safe under the stated 90-day forecast, not guaranteed."
request_44,30429.03,not_affordable,not_recommended,none,,none,"Only INR 30429.03 is safe today; no eligible plan can finish INR 95800 by 2025-04-15 while preserving the minimum balance of INR 82900. Baseline 90-day low: INR 113329.03 on 2025-02-12. A material obligation is Apartment rent transfer: INR 30200 on 2025-03-01. This is a forecast, not a guarantee of future cash flow."
request_45,3361778.45,affordable_later,wait,2026-09-15:21983000,2026-09-15,none,"IDR 3361778.45 is safe to pay today before optional cuts. The recommended wait keeps the 90-day balance at or above IDR 11149800 (projected low IDR 14511578.45). A material obligation is Building maintenance payment: IDR 1805000 on 2026-08-03. Confirmed forecast income includes IDR 17290000 on 2026-07-15; pending credits are excluded. Waiting uses the confirmed IDR 17290000 inflow on 2026-09-15 before the full payment. A single full payment first becomes safe on 2026-09-15. This preserves the user's stated priorities: healthcare, retirement investment. The recommendation is safe under the stated 90-day forecast, not guaranteed."
request_46,35318.22,affordable_with_plan,partial_payment,2024-12-03:35318.22|2024-12-15:14131.78,2024-12-15,none,"INR 35318.22 is safe to pay today before optional cuts. The recommended partial payment keeps the 90-day balance at or above INR 84000 (projected low INR 84000). A material obligation is Shared housing rent: INR 33800 on 2024-12-03. Confirmed forecast income includes INR 145000 on 2024-12-15; pending credits are excluded. A single full payment first becomes safe on 2024-12-15. This preserves the user's stated priorities: emergency savings, housing. The recommendation is safe under the stated 90-day forecast, not guaranteed."
request_47,32404186.34,affordable_with_plan,full_payment,2025-05-05:38114000,,stop:event_4339|reduce_to:event_4406:770450,"IDR 32404186.34 is safe to pay today before optional cuts. The recommended full payment keeps the 90-day balance at or above IDR 30049000 (projected low IDR 31013625.97). A material obligation is Shared housing rent: IDR 12065000 on 2025-06-04. Confirmed forecast income includes IDR 7987928.85 on 2025-05-12; pending credits are excluded. The 2 authorized flexible-spending adjustment(s) save about IDR 1237948.52 per recurrence (stop Music service subscription; reduce to IDR 770450 Family dinner) and are minimal for this plan. This preserves the user's stated priorities: education, emergency savings. The recommendation is safe under the stated 90-day forecast, not guaranteed."
request_48,45700,affordable_now,full_payment,2026-07-25:45700,2026-07-25,none,"INR 45700 is safe to pay today before optional cuts. The recommended full payment keeps the 90-day balance at or above INR 71300 (projected low INR 76883.19). A material obligation is Apartment rent transfer: INR 25200 on 2026-08-01. Confirmed forecast income includes INR 81996.72 on 2026-08-15; pending credits are excluded. This preserves the user's stated priorities: emergency savings, travel. The recommendation is safe under the stated 90-day forecast, not guaranteed."
request_49,12655596.65,affordable_with_plan,installments,2024-03-18:11902106.67|2024-04-18:11902106.67|2024-05-19:11902106.67,2024-04-15,none,"IDR 12655596.65 is safe to pay today before optional cuts. The recommended installments keeps the 90-day balance at or above IDR 20275700 (projected low IDR 25320949.85). A material obligation is Shared housing rent: IDR 9747000 on 2024-04-02. Confirmed forecast income includes IDR 31464000 on 2024-03-15; pending credits are excluded. This exact provider offer has 3 payments, total cost IDR 35706320.01, and fee IDR 1373320.01; it is the highest-ranked safe eligible offer. A single full payment first becomes safe on 2024-04-15. This preserves the user's stated priorities: education, emergency savings. The recommendation is safe under the stated 90-day forecast, not guaranteed."
request_50,43900,affordable_now,full_payment,2025-08-06:43900,2025-08-06,none,"INR 43900 is safe to pay today before optional cuts. The recommended full payment keeps the 90-day balance at or above INR 99700 (projected low INR 154783.08). A material obligation is Monthly rent: INR 38800 on 2025-09-03. Confirmed forecast income includes INR 126000 on 2025-08-15; pending credits are excluded. This preserves the user's stated priorities: healthcare, family support. The recommendation is safe under the stated 90-day forecast, not guaranteed."
request_51,2191000,affordable_now,full_payment,2026-01-03:2191000,2026-01-03,none,"IDR 2191000 is safe to pay today before optional cuts. The recommended full payment keeps the 90-day balance at or above IDR 7811000 (projected low IDR 29545641.77). A material obligation is Residential rent payment: IDR 2945000 on 2026-01-04. Confirmed forecast income includes IDR 2845342.76 on 2026-01-05; pending credits are excluded. This preserves the user's stated priorities: education, emergency savings. The recommendation is safe under the stated 90-day forecast, not guaranteed."
request_52,19241.76,affordable_later,wait,2024-06-15:28870,2024-06-15,none,"INR 19241.76 is safe to pay today before optional cuts. The recommended wait keeps the 90-day balance at or above INR 41500 (projected low INR 54946.69). A material obligation is Monthly rent: INR 21100 on 2024-07-01. Confirmed forecast income includes INR 69000 on 2024-06-15; pending credits are excluded. Waiting uses the confirmed INR 69000 inflow on 2024-06-15 before the full payment. A single full payment first becomes safe on 2024-06-15. This preserves the user's stated priorities: debt repayment, emergency savings. The recommendation is safe under the stated 90-day forecast, not guaranteed."
request_53,464.03,affordable_with_plan,installments,2025-11-21:589.06|2025-12-19:589.06|2026-01-16:589.06,2026-01-15,stop:event_4925,"USD 464.03 is safe to pay today before optional cuts. The recommended installments keeps the 90-day balance at or above USD 2100 (projected low USD 2218.92). A material obligation is Residential rent payment: USD 774 on 2025-12-02. Confirmed forecast income includes USD 2880 on 2025-11-15; pending credits are excluded. This exact provider offer has 3 payments, total cost USD 1767.18, and fee USD 67.98; it is the highest-ranked safe eligible offer. The 1 authorized flexible-spending adjustment(s) save about USD 41 per recurrence (stop Delivery service plan) and are minimal for this plan. A single full payment first becomes safe on 2026-01-15. This preserves the user's stated priorities: education, debt repayment. The recommendation is safe under the stated 90-day forecast, not guaranteed."
request_54,2083.51,not_affordable,not_recommended,none,,none,"Only ZAR 2083.51 is safe today; no eligible plan can finish ZAR 121528 by 2026-08-21 while preserving the minimum balance of ZAR 37000. Baseline 90-day low: ZAR 39083.52 on 2026-07-12. A material obligation is Home association fee: ZAR 3630 on 2026-07-04. This is a forecast, not a guarantee of future cash flow."
request_55,114854.81,affordable_with_plan,installments,2026-06-11:75781.33|2026-07-12:75781.33|2026-08-12:75781.33,2026-08-15,stop:event_5101|reduce_to:event_5103:2536,"INR 114854.81 is safe to pay today before optional cuts. The recommended installments keeps the 90-day balance at or above INR 124300 (projected low INR 129932.52). A material obligation is Apartment rent transfer: INR 54400 on 2026-07-04. Confirmed forecast income includes INR 206712.55 on 2026-06-15; pending credits are excluded. This exact provider offer has 3 payments, total cost INR 227343.99, and fee INR 8743.99; it is the highest-ranked safe eligible offer. The 2 authorized flexible-spending adjustment(s) save about INR 9018.51 per recurrence (stop Family streaming plan; reduce to INR 2536 Online retail purchases) and are minimal for this plan. A single full payment first becomes safe on 2026-08-15. This preserves the user's stated priorities: emergency savings, housing. The recommendation is safe under the stated 90-day forecast, not guaranteed."
request_56,632.95,affordable_with_plan,partial_payment,2025-02-03:632.95|2025-02-15:248.61,2025-02-15,none,"USD 632.95 is safe to pay today before optional cuts. The recommended partial payment keeps the 90-day balance at or above USD 2100 (projected low USD 2100). A material obligation is Home association fee: USD 212 on 2025-03-02. Confirmed forecast income includes USD 2293.72 on 2025-02-15; pending credits are excluded. A single full payment first becomes safe on 2025-02-15. This preserves the user's stated priorities: education, family support. The recommendation is safe under the stated 90-day forecast, not guaranteed."
request_57,12819.59,affordable_later,wait,2026-06-15:61446,2026-06-15,none,"ZAR 12819.59 is safe to pay today before optional cuts. The recommended wait keeps the 90-day balance at or above ZAR 42700 (projected low ZAR 55519.59). A material obligation is Monthly rent: ZAR 15004 on 2026-05-02. Confirmed forecast income includes ZAR 50160 on 2026-04-15; pending credits are excluded. Waiting uses the confirmed ZAR 50160 inflow on 2026-06-15 before the full payment. A single full payment first becomes safe on 2026-06-15. This preserves the user's stated priorities: retirement investment, emergency savings. The recommendation is safe under the stated 90-day forecast, not guaranteed."
request_58,16226000,affordable_now,full_payment,2024-12-07:16226000,2024-12-07,none,"IDR 16226000 is safe to pay today before optional cuts. The recommended full payment keeps the 90-day balance at or above IDR 14433900 (projected low IDR 21004178.25). A material obligation is Landlord standing order: IDR 7676000 on 2025-01-03. Confirmed forecast income includes IDR 24190461.28 on 2024-12-15; pending credits are excluded. This preserves the user's stated priorities: education, emergency savings. The recommendation is safe under the stated 90-day forecast, not guaranteed."
request_59,140600,affordable_with_plan,installments,2025-05-07:48741.33|2025-06-04:48741.33|2025-07-02:48741.33,2025-05-04,none,"INR 140600 is safe to pay today before optional cuts. The recommended installments keeps the 90-day balance at or above INR 132600 (projected low INR 405649.49). A material obligation is Monthly rent: INR 53800 on 2025-05-04. Confirmed forecast income includes INR 43799.94 on 2025-05-12; pending credits are excluded. This exact provider offer has 3 payments, total cost INR 146223.99, and fee INR 5623.99; it is the highest-ranked safe eligible offer. This preserves the user's stated priorities: education, emergency savings. The recommendation is safe under the stated 90-day forecast, not guaranteed."
request_60,117.61,affordable_later,wait,2026-01-15:199.89,2026-01-15,none,"USD 117.61 is safe to pay today before optional cuts. The recommended wait keeps the 90-day balance at or above USD 400 (projected low USD 404.6). A material obligation is Apartment rent transfer: USD 122.4 on 2026-02-01. Confirmed forecast income includes USD 530.4 on 2026-01-15; pending credits are excluded. Waiting uses the confirmed USD 530.4 inflow on 2026-01-15 before the full payment. A single full payment first becomes safe on 2026-01-15. This preserves the user's stated priorities: emergency savings, travel. The recommendation is safe under the stated 90-day forecast, not guaranteed."
request_61,29062,affordable_with_plan,installments,2024-03-17:10074.83|2024-04-17:10074.83|2024-05-18:10074.83,2024-03-03,none,"ZAR 29062 is safe to pay today before optional cuts. The recommended installments keeps the 90-day balance at or above ZAR 36700 (projected low ZAR 37549.14). A material obligation is Landlord standing order: ZAR 11792 on 2024-04-02. This exact provider offer has 3 payments, total cost ZAR 30224.49, and fee ZAR 1162.49; it is the highest-ranked safe eligible offer. This preserves the user's stated priorities: debt repayment, emergency savings. The recommendation is safe under the stated 90-day forecast, not guaranteed."
request_62,404.23,affordable_now,full_payment,2025-08-05:404.23,2025-08-05,none,"USD 404.23 is safe to pay today before optional cuts. The recommended full payment keeps the 90-day balance at or above USD 1300 (projected low USD 4628.68). A material obligation is Monthly rent: USD 530.4 on 2025-09-03. Confirmed forecast income includes USD 801.48 on 2025-08-08; pending credits are excluded. This preserves the user's stated priorities: retirement investment, emergency savings. The recommendation is safe under the stated 90-day forecast, not guaranteed."
request_63,37534.99,not_affordable,not_recommended,none,,none,"Only INR 37534.99 is safe today; no eligible plan can finish INR 343900 by 2026-09-17 while preserving the minimum balance of INR 153500. Baseline 90-day low: INR 191034.99 on 2026-07-14. A material obligation is Monthly rent: INR 50000 on 2026-08-04. This is a forecast, not a guarantee of future cash flow."
request_64,0,not_affordable,not_recommended,none,,none,"Only INR 0 is safe today; no eligible plan can finish INR 63700 by 2024-08-16 while preserving the minimum balance of INR 36100. Baseline 90-day low: INR -200930.9 on 2024-06-13. A material obligation is Large grocery tax invoice: INR 279679.26 on 2024-06-10. This is a forecast, not a guarantee of future cash flow."
request_65,5886.72,not_affordable,not_recommended,none,,none,"Only ZAR 5886.72 is safe today; no eligible plan can finish ZAR 54340 by 2025-11-25 while preserving the minimum balance of ZAR 15500. Baseline 90-day low: ZAR 21386.72 on 2025-11-14. A material obligation is Home association fee: ZAR 2519 on 2025-12-03. This is a forecast, not a guarantee of future cash flow."
request_66,22200,affordable_now,full_payment,2026-04-03:22200,2026-04-03,none,"INR 22200 is safe to pay today before optional cuts. The recommended full payment keeps the 90-day balance at or above INR 80700 (projected low INR 243105.89). A material obligation is Apartment rent transfer: INR 26300 on 2026-04-03. Confirmed forecast income includes INR 45517.03 on 2026-04-08; pending credits are excluded. This preserves the user's stated priorities: retirement investment, emergency savings. The recommendation is safe under the stated 90-day forecast, not guaranteed."
request_67,300.77,affordable_later,wait,2024-11-15:2094,2024-11-15,none,"USD 300.77 is safe to pay today before optional cuts. The recommended wait keeps the 90-day balance at or above USD 1200 (projected low USD 1500.77). A material obligation is Monthly rent: USD 514.8 on 2024-10-04. Confirmed forecast income includes USD 2029.68 on 2024-09-15; pending credits are excluded. Waiting uses the confirmed USD 1988.15 inflow on 2024-11-15 before the full payment. A single full payment first becomes safe on 2024-11-15. This preserves the user's stated priorities: education, emergency savings. The recommendation is safe under the stated 90-day forecast, not guaranteed."
request_68,1333.61,affordable_with_plan,installments,2025-02-14:725.09|2025-03-14:725.09|2025-04-11:725.09,2025-03-23,stop:event_6330,"USD 1333.61 is safe to pay today before optional cuts. The recommended installments keeps the 90-day balance at or above USD 1500 (projected low USD 1508.72). A material obligation is Apartment rent transfer: USD 750 on 2025-03-01. Confirmed forecast income includes USD 2496 on 2025-02-23; pending credits are excluded. This exact provider offer has 3 payments, total cost USD 2175.27, and fee USD 83.67; it is the highest-ranked safe eligible offer. The 1 authorized flexible-spending adjustment(s) save about USD 10 per recurrence (stop Online backup subscription) and are minimal for this plan. A single full payment first becomes safe on 2025-03-23. This preserves the user's stated priorities: healthcare, family support. The recommendation is safe under the stated 90-day forecast, not guaranteed."
request_69,529.1,affordable_now,full_payment,2026-01-04:529.10,2026-01-04,none,"EUR 529.1 is safe to pay today before optional cuts. The recommended full payment keeps the 90-day balance at or above EUR 700 (projected low EUR 723.72). A material obligation is Monthly rent: EUR 434.9 on 2026-02-02. Confirmed forecast income includes EUR 1177 on 2026-01-15; pending credits are excluded. This preserves the user's stated priorities: emergency savings, housing. The recommendation is safe under the stated 90-day forecast, not guaranteed."
request_70,50476.8,affordable_later,wait,2025-02-15:243900,2025-02-15,none,"INR 50476.8 is safe to pay today before optional cuts. The recommended wait keeps the 90-day balance at or above INR 115000 (projected low INR 162417.33). A material obligation is Landlord standing order: INR 66100 on 2025-01-03. Confirmed forecast income includes INR 203000 on 2024-12-15; pending credits are excluded. Waiting uses the confirmed INR 203000 inflow on 2025-02-15 before the full payment. A single full payment first becomes safe on 2025-02-15. This preserves the user's stated priorities: debt repayment, emergency savings. The recommendation is safe under the stated 90-day forecast, not guaranteed."
request_71,244128.26,not_affordable,not_recommended,none,,none,"Only IDR 244128.26 is safe today; no eligible plan can finish IDR 21451000 by 2025-05-28 while preserving the minimum balance of IDR 8884800. Baseline 90-day low: IDR 9128928.26 on 2025-05-14. A material obligation is Apartment rent transfer: IDR 3648000 on 2025-05-04. This is a forecast, not a guarantee of future cash flow."
request_72,11330,affordable_now,full_payment,2026-07-05:11330,2026-07-05,none,"ZAR 11330 is safe to pay today before optional cuts. The recommended full payment keeps the 90-day balance at or above ZAR 12200 (projected low ZAR 12429.28). A material obligation is Apartment rent transfer: ZAR 4312 on 2026-08-01. Confirmed forecast income includes ZAR 18700 on 2026-07-15; pending credits are excluded. This preserves the user's stated priorities: education, debt repayment. The recommendation is safe under the stated 90-day forecast, not guaranteed."
request_73,71400,affordable_now,full_payment,2023-01-20:71400,2023-01-20,none,"INR 71400 is safe to pay today before optional cuts. The recommended full payment keeps the 90-day balance at or above INR 103200 (projected low INR 105027.4). A material obligation is Residential rent payment: INR 41776 on 2023-02-02. Confirmed forecast income includes INR 126925.35 on 2023-02-15; pending credits are excluded. This preserves the user's stated priorities: emergency savings, housing. The recommendation is safe under the stated 90-day forecast, not guaranteed."
request_74,5010,affordable_now,full_payment,2025-08-04:5010,2025-08-04,none,"ZAR 5010 is safe to pay today before optional cuts. The recommended full payment keeps the 90-day balance at or above ZAR 21900 (projected low ZAR 63664.08). A material obligation is Shared housing rent: ZAR 7590 on 2025-09-03. Confirmed forecast income includes ZAR 11625.33 on 2025-08-08; pending credits are excluded. This preserves the user's stated priorities: retirement investment, emergency savings. The recommendation is safe under the stated 90-day forecast, not guaranteed."
request_75,28270,affordable_with_plan,installments,2026-04-09:9800.27|2026-05-09:9800.27|2026-06-08:9800.27,2026-04-06,none,"ZAR 28270 is safe to pay today before optional cuts. The recommended installments keeps the 90-day balance at or above ZAR 39000 (projected low ZAR 129216.82). A material obligation is Shared housing rent: ZAR 15642 on 2026-05-04. Confirmed forecast income includes ZAR 50820 on 2026-04-15; pending credits are excluded. This exact provider offer has 3 payments, total cost ZAR 29400.81, and fee ZAR 1130.81; it is the highest-ranked safe eligible offer. This preserves the user's stated priorities: retirement investment, emergency savings. The recommendation is safe under the stated 90-day forecast, not guaranteed."
request_76,717.14,not_affordable,not_recommended,none,,none,"Only USD 717.14 is safe today; no eligible plan can finish USD 4455.6 by 2024-07-30 while preserving the minimum balance of USD 1800. Baseline 90-day low: USD 2517.14 on 2024-06-14. A material obligation is Shared housing rent: USD 694.8 on 2024-07-01. This is a forecast, not a guarantee of future cash flow."
request_77,60102.73,affordable_with_plan,full_payment,2025-11-05:60700,2025-11-15,stop:event_7143,"INR 60102.73 is safe to pay today before optional cuts. The recommended full payment keeps the 90-day balance at or above INR 82200 (projected low INR 82307.73). A material obligation is Apartment rent transfer: INR 25200 on 2025-12-02. Confirmed forecast income includes INR 111000 on 2025-11-15; pending credits are excluded. The 1 authorized flexible-spending adjustment(s) save about INR 705 per recurrence (stop Online backup subscription) and are minimal for this plan. A single full payment first becomes safe on 2025-11-15. This preserves the user's stated priorities: healthcare, family support. The recommendation is safe under the stated 90-day forecast, not guaranteed."
request_78,45918.87,not_affordable,not_recommended,none,2025-10-15,none,"Only INR 45918.87 is safe today; no eligible plan can finish INR 50200 by 2025-10-14 while preserving the minimum balance of INR 55200. Baseline 90-day low: INR 101118.87 on 2025-10-13. A material obligation is Shared housing rent: INR 28200 on 2025-10-03. This is a forecast, not a guarantee of future cash flow."
request_79,313.14,not_affordable,not_recommended,none,,none,"Only EUR 313.14 is safe today; no eligible plan can finish EUR 2151.6 by 2024-11-01 while preserving the minimum balance of EUR 1000. Baseline 90-day low: EUR 1313.14 on 2024-09-14. A material obligation is Monthly rent: EUR 386.1 on 2024-09-04. This is a forecast, not a guarantee of future cash flow."
request_80,110008.68,not_affordable,not_recommended,none,,none,"Only INR 110008.68 is safe today; no eligible plan can finish INR 217500 by 2025-02-21 while preserving the minimum balance of INR 121300. Baseline 90-day low: INR 231308.68 on 2025-02-12. A material obligation is Residential rent payment: INR 52000 on 2025-03-01. This is a forecast, not a guarantee of future cash flow."
request_81,2076,affordable_now,full_payment,2026-07-03:2076,2026-07-03,none,"USD 2076 is safe to pay today before optional cuts. The recommended full payment keeps the 90-day balance at or above USD 1600 (projected low USD 1661.55). A material obligation is Apartment rent transfer: USD 1037.57 on 2026-08-02. Confirmed forecast income includes USD 2701.92 on 2026-07-15; pending credits are excluded. This preserves the user's stated priorities: emergency savings, housing. The recommendation is safe under the stated 90-day forecast, not guaranteed."
request_82,313.89,affordable_later,wait,2025-01-15:1405.20,2025-01-15,none,"USD 313.89 is safe to pay today before optional cuts. The recommended wait keeps the 90-day balance at or above USD 1100 (projected low USD 1208.31). A material obligation is Shared housing rent: USD 405.6 on 2025-01-03. Confirmed forecast income includes USD 2540.4 on 2024-12-15; pending credits are excluded. Waiting uses the confirmed USD 1674.91 inflow on 2025-01-15 before the full payment. A single full payment first becomes safe on 2025-01-15. This preserves the user's stated priorities: emergency savings, housing. The recommendation is safe under the stated 90-day forecast, not guaranteed."
request_83,7244.94,not_affordable,not_recommended,none,,none,"Only INR 7244.94 is safe today; no eligible plan can finish INR 156200 by 2025-06-17 while preserving the minimum balance of INR 37800. Baseline 90-day low: INR 45044.95 on 2025-05-14. A material obligation is Home repair reserve: INR 6700 on 2025-06-05. This is a forecast, not a guarantee of future cash flow."
request_84,21423.26,affordable_later,wait,2026-06-15:95400,2026-06-15,none,"INR 21423.26 is safe to pay today before optional cuts. The recommended wait keeps the 90-day balance at or above INR 91300 (projected low INR 104263.86). A material obligation is Shared housing rent: INR 26200 on 2026-05-01. Confirmed forecast income includes INR 107995.68 on 2026-04-15; pending credits are excluded. Waiting uses the confirmed INR 103422.71 inflow on 2026-06-15 before the full payment. A single full payment first becomes safe on 2026-06-15. This preserves the user's stated priorities: emergency savings, travel. The recommendation is safe under the stated 90-day forecast, not guaranteed."
request_85,392399.89,not_affordable,not_recommended,none,,none,"Only IDR 392399.89 is safe today; no eligible plan can finish IDR 19304000 by 2024-04-26 while preserving the minimum balance of IDR 6396300. Baseline 90-day low: IDR 6788699.9 on 2024-03-14. A material obligation is Apartment rent transfer: IDR 2527000 on 2024-04-02. This is a forecast, not a guarantee of future cash flow."
request_86,46300,affordable_now,full_payment,2025-08-03:46300,2025-08-03,none,"INR 46300 is safe to pay today before optional cuts. The recommended full payment keeps the 90-day balance at or above INR 84900 (projected low INR 88514.77). A material obligation is Residential rent payment: INR 38800 on 2025-08-03. Confirmed forecast income includes INR 118388.18 on 2025-08-23; pending credits are excluded. This preserves the user's stated priorities: healthcare, family support. The recommendation is safe under the stated 90-day forecast, not guaranteed."
request_87,16918.38,not_affordable,not_recommended,none,,none,"Only INR 16918.38 is safe today; no eligible plan can finish INR 487900 by 2026-03-15 while preserving the minimum balance of INR 185900. Baseline 90-day low: INR 202818.39 on 2026-01-14. A material obligation is Landlord standing order: INR 74900 on 2026-02-04. This is a forecast, not a guarantee of future cash flow."
request_88,10735.77,affordable_with_plan,installments,2024-06-14:9045.23|2024-07-15:9045.23|2024-08-15:9045.23,2024-07-15,none,"ZAR 10735.77 is safe to pay today before optional cuts. The recommended installments keeps the 90-day balance at or above ZAR 25800 (projected low ZAR 27490.54). A material obligation is Monthly rent: ZAR 9614 on 2024-07-01. Confirmed forecast income includes ZAR 34760 on 2024-06-15; pending credits are excluded. This exact provider offer has 3 payments, total cost ZAR 27135.69, and fee ZAR 1043.69; it is the highest-ranked safe eligible offer. A single full payment first becomes safe on 2024-07-15. This preserves the user's stated priorities: debt repayment, emergency savings. The recommendation is safe under the stated 90-day forecast, not guaranteed."
request_89,9392480.16,affordable_with_plan,installments,2025-11-18:4768746.67|2025-12-16:4768746.67|2026-01-13:4768746.67,2026-01-15,stop:event_8335|reduce_to:event_8337:266760,"IDR 9392480.16 is safe to pay today before optional cuts. The recommended installments keeps the 90-day balance at or above IDR 12534700 (projected low IDR 12938594.4). A material obligation is Shared housing rent: IDR 3819000 on 2025-12-02. Confirmed forecast income includes IDR 15200000 on 2025-11-15; pending credits are excluded. This exact provider offer has 3 payments, total cost IDR 14306240.01, and fee IDR 550240.01; it is the highest-ranked safe eligible offer. The 2 authorized flexible-spending adjustment(s) save about IDR 724703.77 per recurrence (stop Video streaming plan; reduce to IDR 266760 Monthly shopping spend) and are minimal for this plan. A single full payment first becomes safe on 2026-01-15. This preserves the user's stated priorities: emergency savings, housing. The recommendation is safe under the stated 90-day forecast, not guaranteed."
request_90,2560,affordable_now,full_payment,2026-07-06:2560,2026-07-06,none,"ZAR 2560 is safe to pay today before optional cuts. The recommended full payment keeps the 90-day balance at or above ZAR 7600 (projected low ZAR 28381.35). A material obligation is Monthly rent: ZAR 3234 on 2026-08-03. Confirmed forecast income includes ZAR 6518.56 on 2026-07-08; pending credits are excluded. This preserves the user's stated priorities: retirement investment, emergency savings. The recommendation is safe under the stated 90-day forecast, not guaranteed."
request_91,316.2,affordable_later,wait,2024-11-15:1927.20,2024-11-15,none,"EUR 316.2 is safe to pay today before optional cuts. The recommended wait keeps the 90-day balance at or above EUR 2100 (projected low EUR 2416.2). A material obligation is Shared housing rent: EUR 695.2 on 2024-09-04. Confirmed forecast income includes EUR 2387 on 2024-09-15; pending credits are excluded. Waiting uses the confirmed EUR 2387 inflow on 2024-11-15 before the full payment. A single full payment first becomes safe on 2024-11-15. This preserves the user's stated priorities: emergency savings, housing. The recommendation is safe under the stated 90-day forecast, not guaranteed."
request_92,34034,affordable_now,full_payment,2025-02-05:34034,2025-02-05,none,"ZAR 34034 is safe to pay today before optional cuts. The recommended full payment keeps the 90-day balance at or above ZAR 28100 (projected low ZAR 29782.62). A material obligation is Home association fee: ZAR 3762 on 2025-03-02. Confirmed forecast income includes ZAR 49280 on 2025-02-15; pending credits are excluded. This preserves the user's stated priorities: education, family support. The recommendation is safe under the stated 90-day forecast, not guaranteed."
request_93,1729.2,affordable_now,full_payment,2026-04-07:1729.20,2026-04-07,none,"USD 1729.2 is safe to pay today before optional cuts. The recommended full payment keeps the 90-day balance at or above USD 1900 (projected low USD 2002.58). A material obligation is Apartment rent transfer: USD 808.8 on 2026-05-02. Confirmed forecast income includes USD 2412 on 2026-04-15; pending credits are excluded. This preserves the user's stated priorities: retirement investment, emergency savings. The recommendation is safe under the stated 90-day forecast, not guaranteed."
request_94,572,affordable_now,full_payment,2024-12-04:572,2024-12-04,none,"EUR 572 is safe to pay today before optional cuts. The recommended full payment keeps the 90-day balance at or above EUR 600 (projected low EUR 2039.24). A material obligation is Monthly rent: EUR 287.1 on 2025-01-03. Confirmed forecast income includes EUR 450.01 on 2024-12-08; pending credits are excluded. This preserves the user's stated priorities: retirement investment, emergency savings. The recommendation is safe under the stated 90-day forecast, not guaranteed."
request_95,4648.03,not_affordable,not_recommended,none,,none,"Only INR 4648.03 is safe today; no eligible plan can finish INR 553000 by 2025-07-14 while preserving the minimum balance of INR 145500. Baseline 90-day low: INR 150148.03 on 2025-05-20. A material obligation is Residential rent payment: INR 62900 on 2025-06-04. This is a forecast, not a guarantee of future cash flow."
request_96,72758.97,affordable_with_plan,installments,2026-01-10:31269.33|2026-02-09:31269.33|2026-03-11:31269.33,2026-02-15,stop:event_8914,"INR 72758.97 is safe to pay today before optional cuts. The recommended installments keeps the 90-day balance at or above INR 56500 (projected low INR 56694.26). A material obligation is Apartment rent transfer: INR 21400 on 2026-02-01. Confirmed forecast income includes INR 78231.04 on 2026-01-15; pending credits are excluded. This exact provider offer has 3 payments, total cost INR 93807.99, and fee INR 3607.99; it is the highest-ranked safe eligible offer. The 1 authorized flexible-spending adjustment(s) save about INR 775 per recurrence (stop Food delivery membership) and are minimal for this plan. A single full payment first becomes safe on 2026-02-15. This preserves the user's stated priorities: education, debt repayment. The recommendation is safe under the stated 90-day forecast, not guaranteed."
request_97,1599.79,affordable_with_plan,installments,2024-03-19:8145.28|2024-04-19:8145.28|2024-05-20:8145.28,2024-04-15,none,"ZAR 1599.79 is safe to pay today before optional cuts. The recommended installments keeps the 90-day balance at or above ZAR 29700 (projected low ZAR 31299.79). A material obligation is Landlord standing order: ZAR 11792 on 2024-04-02. Confirmed forecast income includes ZAR 35420 on 2024-03-15; pending credits are excluded. This exact provider offer has 3 payments, total cost ZAR 24435.84, and fee ZAR 939.84; it is the highest-ranked safe eligible offer. A single full payment first becomes safe on 2024-04-15. This preserves the user's stated priorities: debt repayment, emergency savings. The recommendation is safe under the stated 90-day forecast, not guaranteed."
request_98,6553.27,affordable_later,wait,2025-10-15:27148,2025-10-15,none,"ZAR 6553.27 is safe to pay today before optional cuts. The recommended wait keeps the 90-day balance at or above ZAR 30000 (projected low ZAR 33851.83). A material obligation is Residential rent payment: ZAR 7986 on 2025-09-03. Confirmed forecast income includes ZAR 33504.7 on 2025-08-15; pending credits are excluded. Waiting uses the confirmed ZAR 34835.16 inflow on 2025-10-15 before the full payment. A single full payment first becomes safe on 2025-10-15. This preserves the user's stated priorities: emergency savings, travel. The recommendation is safe under the stated 90-day forecast, not guaranteed."
request_99,17445.42,affordable_with_plan,full_payment,2026-07-04:18062,2026-07-15,stop:event_9188,"ZAR 17445.42 is safe to pay today before optional cuts. The recommended full payment keeps the 90-day balance at or above ZAR 49100 (projected low ZAR 49535.03). A material obligation is Building maintenance payment: ZAR 5115 on 2026-07-05. Confirmed forecast income includes ZAR 56980 on 2026-07-15; pending credits are excluded. The 1 authorized flexible-spending adjustment(s) save about ZAR 1051.6 per recurrence (stop Family streaming plan) and are minimal for this plan. A single full payment first becomes safe on 2026-07-15. This preserves the user's stated priorities: healthcare, retirement investment. The recommendation is safe under the stated 90-day forecast, not guaranteed."
request_100,25169.03,affordable_with_plan,installments,2024-06-13:12866.19|2024-07-14:12866.19|2024-08-14:12866.19,2024-07-15,stop:event_9267,"ZAR 25169.03 is safe to pay today before optional cuts. The recommended installments keeps the 90-day balance at or above ZAR 32500 (projected low ZAR 34583). A material obligation is Apartment rent transfer: ZAR 12716 on 2024-07-01. Confirmed forecast income includes ZAR 42680 on 2024-06-15; pending credits are excluded. This exact provider offer has 3 payments, total cost ZAR 38598.57, and fee ZAR 1484.57; it is the highest-ranked safe eligible offer. The 1 authorized flexible-spending adjustment(s) save about ZAR 1016.4 per recurrence (stop Streaming subscription) and are minimal for this plan. A single full payment first becomes safe on 2024-07-15. This preserves the user's stated priorities: emergency savings, housing. The recommendation is safe under the stated 90-day forecast, not guaranteed."
request_101,143500,affordable_now,full_payment,2025-11-03:143500,2025-11-03,none,"INR 143500 is safe to pay today before optional cuts. The recommended full payment keeps the 90-day balance at or above INR 187400 (projected low INR 194361.66). A material obligation is Property maintenance contribution: INR 30050 on 2025-11-03. Confirmed forecast income includes INR 254000 on 2025-11-15; pending credits are excluded. This preserves the user's stated priorities: education, family support. The recommendation is safe under the stated 90-day forecast, not guaranteed."
request_102,1716,affordable_with_plan,installments,2026-04-05:594.88|2026-05-05:594.88|2026-06-04:594.88,2026-04-05,none,"EUR 1716 is safe to pay today before optional cuts. The recommended installments keeps the 90-day balance at or above EUR 900 (projected low EUR 3985.06). A material obligation is Shared housing rent: EUR 345.4 on 2026-05-03. Confirmed forecast income includes EUR 489.21 on 2026-04-08; pending credits are excluded. This exact provider offer has 3 payments, total cost EUR 1784.64, and fee EUR 68.64; it is the highest-ranked safe eligible offer. This preserves the user's stated priorities: retirement investment, emergency savings. The recommendation is safe under the stated 90-day forecast, not guaranteed."
request_103,2146.56,not_affordable,not_recommended,none,,none,"Only INR 2146.56 is safe today; no eligible plan can finish INR 368300 by 2024-10-07 while preserving the minimum balance of INR 125500. Baseline 90-day low: INR 127646.56 on 2024-09-14. A material obligation is Monthly rent: INR 53400 on 2024-10-04. This is a forecast, not a guarantee of future cash flow."
request_104,17204,affordable_now,full_payment,2025-02-04:17204,2025-02-04,none,"ZAR 17204 is safe to pay today before optional cuts. The recommended full payment keeps the 90-day balance at or above ZAR 24700 (projected low ZAR 29546.81). A material obligation is Apartment rent transfer: ZAR 7920 on 2025-03-01. Confirmed forecast income includes ZAR 34493.26 on 2025-02-15; pending credits are excluded. This preserves the user's stated priorities: healthcare, family support. The recommendation is safe under the stated 90-day forecast, not guaranteed."
request_105,51146.87,affordable_with_plan,full_payment,2026-06-08:53500,2026-06-15,reduce_to:event_9720:1632,"INR 51146.87 is safe to pay today before optional cuts. The recommended full payment keeps the 90-day balance at or above INR 73900 (projected low INR 73930.8). A material obligation is Apartment rent transfer: INR 31200 on 2026-07-02. Confirmed forecast income includes INR 112806.97 on 2026-06-15; pending credits are excluded. The 1 authorized flexible-spending adjustment(s) save about INR 2383.93 per recurrence (reduce to INR 1632 Household shopping) and are minimal for this plan. A single full payment first becomes safe on 2026-06-15. This preserves the user's stated priorities: emergency savings, travel. The recommendation is safe under the stated 90-day forecast, not guaranteed."
request_106,463.22,affordable_later,wait,2025-02-15:2207.70,2025-02-15,none,"EUR 463.22 is safe to pay today before optional cuts. The recommended wait keeps the 90-day balance at or above EUR 1200 (projected low EUR 1663.22). A material obligation is Landlord standing order: EUR 524.7 on 2024-12-03. Confirmed forecast income includes EUR 1815 on 2024-12-15; pending credits are excluded. Waiting uses the confirmed EUR 1815 inflow on 2025-02-15 before the full payment. A single full payment first becomes safe on 2025-02-15. This preserves the user's stated priorities: debt repayment, emergency savings. The recommendation is safe under the stated 90-day forecast, not guaranteed."
request_107,2416.93,affordable_with_plan,installments,2025-05-08:878.59|2025-06-05:878.59|2025-07-03:878.59,2025-07-15,reduce_to:event_9959:42.5,"EUR 2416.93 is safe to pay today before optional cuts. The recommended installments keeps the 90-day balance at or above EUR 1600 (projected low EUR 1609.71). A material obligation is Landlord standing order: EUR 693 on 2025-06-04. Confirmed forecast income includes EUR 2087 on 2025-05-15; pending credits are excluded. This exact provider offer has 3 payments, total cost EUR 2635.77, and fee EUR 101.37; it is the highest-ranked safe eligible offer. The 1 authorized flexible-spending adjustment(s) save about EUR 42.94 per recurrence (reduce to EUR 42.5 Quick-service meal) and are minimal for this plan. A single full payment first becomes safe on 2025-07-15. This preserves the user's stated priorities: education, debt repayment. The recommendation is safe under the stated 90-day forecast, not guaranteed."
request_108,1717.38,not_affordable,not_recommended,none,2026-09-15,none,"Only ZAR 1717.38 is safe today; no eligible plan can finish ZAR 55308 by 2026-07-26 while preserving the minimum balance of ZAR 24100. Baseline 90-day low: ZAR 25817.39 on 2026-07-13. A material obligation is Building maintenance payment: ZAR 3366 on 2026-08-02. This is a forecast, not a guarantee of future cash flow."
request_109,472.9,affordable_with_plan,installments,2024-03-18:645.98|2024-04-18:645.98|2024-05-19:645.98,2024-05-15,stop:event_10080|stop:event_10081,"EUR 472.9 is safe to pay today before optional cuts. The recommended installments keeps the 90-day balance at or above EUR 1700 (projected low EUR 1742.58). A material obligation is Apartment rent transfer: EUR 718.3 on 2024-04-02. Confirmed forecast income includes EUR 2395.68 on 2024-03-15; pending credits are excluded. This exact provider offer has 3 payments, total cost EUR 1937.94, and fee EUR 74.54; it is the highest-ranked safe eligible offer. The 2 authorized flexible-spending adjustment(s) save about EUR 73 per recurrence (stop Shared storage plan; stop Video streaming plan) and are minimal for this plan. A single full payment first becomes safe on 2024-05-15. This preserves the user's stated priorities: emergency savings, travel. The recommendation is safe under the stated 90-day forecast, not guaranteed."
request_110,22352,affordable_with_plan,installments,2025-08-06:7748.69|2025-09-03:7748.69|2025-10-01:7748.69,2025-08-06,none,"ZAR 22352 is safe to pay today before optional cuts. The recommended installments keeps the 90-day balance at or above ZAR 11200 (projected low ZAR 52337.74). A material obligation is Monthly rent: ZAR 5148 on 2025-09-03. Confirmed forecast income includes ZAR 8286.01 on 2025-08-08; pending credits are excluded. This exact provider offer has 3 payments, total cost ZAR 23246.07, and fee ZAR 894.07; it is the highest-ranked safe eligible offer. This preserves the user's stated priorities: retirement investment, emergency savings. The recommendation is safe under the stated 90-day forecast, not guaranteed."
request_111,16625000,affordable_now,full_payment,2026-04-03:16625000,2026-04-03,none,"IDR 16625000 is safe to pay today before optional cuts. The recommended full payment keeps the 90-day balance at or above IDR 23022800 (projected low IDR 57231649.4). A material obligation is Monthly rent: IDR 6422000 on 2026-04-04. Confirmed forecast income includes IDR 26220000 on 2026-04-15; pending credits are excluded. This preserves the user's stated priorities: retirement investment, emergency savings. The recommendation is safe under the stated 90-day forecast, not guaranteed."
request_112,271.7,affordable_now,full_payment,2024-06-05:271.70,2024-06-05,none,"EUR 271.7 is safe to pay today before optional cuts. The recommended full payment keeps the 90-day balance at or above EUR 500 (projected low EUR 515.55). A material obligation is Landlord standing order: EUR 174.9 on 2024-07-01. Confirmed forecast income includes EUR 627 on 2024-06-15; pending credits are excluded. This preserves the user's stated priorities: education, debt repayment. The recommendation is safe under the stated 90-day forecast, not guaranteed."
request_113,19576.63,affordable_later,wait,2026-10-15:36500,2026-10-15,none,"INR 19576.63 is safe to pay today before optional cuts. The recommended wait keeps the 90-day balance at or above INR 82300 (projected low INR 88029.67). A material obligation is Landlord standing order: INR 27300 on 2026-10-02. Confirmed forecast income includes INR 107995.68 on 2026-09-15; pending credits are excluded. Waiting uses the confirmed INR 107995.68 inflow on 2026-10-15 before the full payment. A single full payment first becomes safe on 2026-10-15. This preserves the user's stated priorities: emergency savings, travel. The recommendation is safe under the stated 90-day forecast, not guaranteed."
request_114,54888.31,not_affordable,not_recommended,none,2026-01-15,none,"Only INR 54888.31 is safe today; no eligible plan can finish INR 65300 by 2026-01-14 while preserving the minimum balance of INR 113400. Baseline 90-day low: INR 168288.32 on 2026-01-14. A material obligation is Landlord standing order: INR 41700 on 2026-02-03. This is a forecast, not a guarantee of future cash flow."
request_115,14648.42,affordable_later,wait,2024-11-15:80500,2024-11-15,none,"INR 14648.42 is safe to pay today before optional cuts. The recommended wait keeps the 90-day balance at or above INR 38800 (projected low INR 53448.43). A material obligation is Landlord standing order: INR 13300 on 2024-10-04. Confirmed forecast income includes INR 59000 on 2024-09-15; pending credits are excluded. Waiting uses the confirmed INR 59000 inflow on 2024-11-15 before the full payment. A single full payment first becomes safe on 2024-11-15. This preserves the user's stated priorities: debt repayment, emergency savings. The recommendation is safe under the stated 90-day forecast, not guaranteed."
request_116,9179.83,not_affordable,not_recommended,none,,none,"Only INR 9179.83 is safe today; no eligible plan can finish INR 241200 by 2025-04-16 while preserving the minimum balance of INR 80300. Baseline 90-day low: INR 89479.83 on 2025-02-14. A material obligation is Residential rent payment: INR 41100 on 2025-03-01. This is a forecast, not a guarantee of future cash flow."
request_117,859.1,affordable_with_plan,full_payment,2026-07-05:880,2026-07-15,stop:event_10833,"EUR 859.1 is safe to pay today before optional cuts. The recommended full payment keeps the 90-day balance at or above EUR 1000 (projected low EUR 1001.11). A material obligation is Home association fee: EUR 102 on 2026-08-03. Confirmed forecast income includes EUR 1188 on 2026-07-15; pending credits are excluded. The 1 authorized flexible-spending adjustment(s) save about EUR 22 per recurrence (stop Family streaming plan) and are minimal for this plan. A single full payment first becomes safe on 2026-07-15. This preserves the user's stated priorities: healthcare, retirement investment. The recommendation is safe under the stated 90-day forecast, not guaranteed."
request_118,649.88,affordable_with_plan,installments,2024-12-07:255.87|2025-01-07:255.87|2025-02-07:255.87,2024-12-15,none,"EUR 649.88 is safe to pay today before optional cuts. The recommended installments keeps the 90-day balance at or above EUR 600 (projected low EUR 902.15). A material obligation is Monthly rent: EUR 234.3 on 2025-01-03. Confirmed forecast income includes EUR 1079.87 on 2024-12-15; pending credits are excluded. This exact provider offer has 3 payments, total cost EUR 767.61, and fee EUR 29.51; it is the highest-ranked safe eligible offer. A single full payment first becomes safe on 2024-12-15. This preserves the user's stated priorities: emergency savings, housing. The recommendation is safe under the stated 90-day forecast, not guaranteed."
request_119,59410.39,affordable_with_plan,installments,2025-05-18:70546.67|2025-06-15:70546.67|2025-07-13:70546.67,2025-06-15,reduce_to:event_11057:2370,"INR 59410.39 is safe to pay today before optional cuts. The recommended installments keeps the 90-day balance at or above INR 151200 (projected low INR 153594.41). A material obligation is Property maintenance contribution: INR 17050 on 2025-05-05. Confirmed forecast income includes INR 171101.6 on 2025-05-15; pending credits are excluded. This exact provider offer has 3 payments, total cost INR 211640.01, and fee INR 8140.01; it is the highest-ranked safe eligible offer. The 1 authorized flexible-spending adjustment(s) save about INR 2528.4 per recurrence (reduce to INR 2370 Family dinner) and are minimal for this plan. A single full payment first becomes safe on 2025-06-15. This preserves the user's stated priorities: education, family support. The recommendation is safe under the stated 90-day forecast, not guaranteed."
request_120,7714000,affordable_now,full_payment,2026-04-06:7714000,2026-04-06,none,"IDR 7714000 is safe to pay today before optional cuts. The recommended full payment keeps the 90-day balance at or above IDR 20050300 (projected low IDR 20853488.04). A material obligation is Shared housing rent: IDR 7961000 on 2026-05-01. Confirmed forecast income includes IDR 23750000 on 2026-04-15; pending credits are excluded. This preserves the user's stated priorities: retirement investment, emergency savings. The recommendation is safe under the stated 90-day forecast, not guaranteed."
request_121,633.6,affordable_now,full_payment,2024-03-03:633.60,2024-03-03,none,"USD 633.6 is safe to pay today before optional cuts. The recommended full payment keeps the 90-day balance at or above USD 800 (projected low USD 852.57). A material obligation is Landlord standing order: USD 351.6 on 2024-04-02. Confirmed forecast income includes USD 1009.6 on 2024-03-15; pending credits are excluded. This preserves the user's stated priorities: education, emergency savings. The recommendation is safe under the stated 90-day forecast, not guaranteed."
request_122,20558000,affordable_with_plan,installments,2025-08-05:7126773.33|2025-09-02:7126773.33|2025-09-30:7126773.33,2025-08-05,none,"IDR 20558000 is safe to pay today before optional cuts. The recommended installments keeps the 90-day balance at or above IDR 12588500 (projected low IDR 48936333.18). A material obligation is Monthly rent: IDR 3724000 on 2025-09-03. Confirmed forecast income includes IDR 6327565.25 on 2025-08-08; pending credits are excluded. This exact provider offer has 3 payments, total cost IDR 21380319.99, and fee IDR 822319.99; it is the highest-ranked safe eligible offer. This preserves the user's stated priorities: retirement investment, emergency savings. The recommendation is safe under the stated 90-day forecast, not guaranteed."
request_123,0,not_affordable,not_recommended,none,,none,"Only IDR 0 is safe today; no eligible plan can finish IDR 4076000 by 2026-03-28 while preserving the minimum balance of IDR 18091200. Baseline 90-day low: IDR 16283058.28 on 2026-04-05. A material obligation is Landlord standing order: IDR 6004000 on 2026-02-04. This is a forecast, not a guarantee of future cash flow."
request_124,1392.45,affordable_with_plan,installments,2024-06-11:1076.12|2024-07-12:1076.12|2024-08-12:1076.12,2024-07-15,stop:event_11448,"EUR 1392.45 is safe to pay today before optional cuts. The recommended installments keeps the 90-day balance at or above EUR 1600 (projected low EUR 1610.2). A material obligation is Apartment rent transfer: EUR 779.9 on 2024-07-01. Confirmed forecast income includes EUR 2629 on 2024-06-15; pending credits are excluded. This exact provider offer has 3 payments, total cost EUR 3228.36, and fee EUR 124.16; it is the highest-ranked safe eligible offer. The 1 authorized flexible-spending adjustment(s) save about EUR 34 per recurrence (stop Music service subscription) and are minimal for this plan. A single full payment first becomes safe on 2024-07-15. This preserves the user's stated priorities: debt repayment, emergency savings. The recommendation is safe under the stated 90-day forecast, not guaranteed."
request_125,5834.63,not_affordable,not_recommended,none,2025-11-15,none,"Only ZAR 5834.63 is safe today; no eligible plan can finish ZAR 6468 by 2025-11-14 while preserving the minimum balance of ZAR 11300. Baseline 90-day low: ZAR 17134.63 on 2025-11-14. A material obligation is Landlord standing order: ZAR 3520 on 2025-12-02. This is a forecast, not a guarantee of future cash flow."
request_126,159600,affordable_now,full_payment,2026-07-03:159600,2026-07-03,none,"INR 159600 is safe to pay today before optional cuts. The recommended full payment keeps the 90-day balance at or above INR 129700 (projected low INR 186352.03). A material obligation is Residential rent payment: INR 43000 on 2026-07-03. Confirmed forecast income includes INR 61613.49 on 2026-07-08; pending credits are excluded. This preserves the user's stated priorities: retirement investment, emergency savings. The recommendation is safe under the stated 90-day forecast, not guaranteed."
request_127,7420.9,affordable_later,wait,2024-10-15:23980,2024-10-15,none,"ZAR 7420.9 is safe to pay today before optional cuts. The recommended wait keeps the 90-day balance at or above ZAR 41000 (projected low ZAR 41949.92). A material obligation is Apartment rent transfer: ZAR 14652 on 2024-10-04. Confirmed forecast income includes ZAR 50160 on 2024-09-15; pending credits are excluded. Waiting uses the confirmed ZAR 50160 inflow on 2024-10-15 before the full payment. A single full payment first becomes safe on 2024-10-15. This preserves the user's stated priorities: emergency savings, housing. The recommendation is safe under the stated 90-day forecast, not guaranteed."
request_128,25168,affordable_now,full_payment,2025-02-07:25168,2025-02-07,none,"ZAR 25168 is safe to pay today before optional cuts. The recommended full payment keeps the 90-day balance at or above ZAR 42600 (projected low ZAR 43993.48). A material obligation is Home association fee: ZAR 5368 on 2025-03-02. Confirmed forecast income includes ZAR 55220 on 2025-02-15; pending credits are excluded. This preserves the user's stated priorities: education, family support. The recommendation is safe under the stated 90-day forecast, not guaranteed."
request_129,111.56,not_affordable,not_recommended,none,,none,"Only USD 111.56 is safe today; no eligible plan can finish USD 2668.8 by 2026-06-18 while preserving the minimum balance of USD 800. Baseline 90-day low: USD 911.57 on 2026-04-12. A material obligation is Apartment rent transfer: USD 300 on 2026-05-02. This is a forecast, not a guarantee of future cash flow."
request_130,373.3,affordable_later,wait,2025-01-15:1978.80,2025-01-15,none,"USD 373.3 is safe to pay today before optional cuts. The recommended wait keeps the 90-day balance at or above USD 1400 (projected low USD 1491.3). A material obligation is Residential rent payment: USD 600 on 2025-01-03. Confirmed forecast income includes USD 2108.35 on 2024-12-15; pending credits are excluded. Waiting uses the confirmed USD 2955.07 inflow on 2025-01-15 before the full payment. A single full payment first becomes safe on 2025-01-15. This preserves the user's stated priorities: education, emergency savings. The recommendation is safe under the stated 90-day forecast, not guaranteed."
request_131,1134.42,not_affordable,not_recommended,none,2025-07-23,none,"Only USD 1134.42 is safe today; no eligible plan can finish USD 1855.2 by 2025-07-08 while preserving the minimum balance of USD 1100. Baseline 90-day low: USD 2234.43 on 2025-05-17. A material obligation is Residential rent payment: USD 373.2 on 2025-05-04. This is a forecast, not a guarantee of future cash flow."
request_132,261.98,affordable_later,wait,2026-01-15:379.86,2026-01-15,none,"USD 261.98 is safe to pay today before optional cuts. The recommended wait keeps the 90-day balance at or above USD 1100 (projected low USD 1115.29). A material obligation is Landlord standing order: USD 321.6 on 2026-02-01. Confirmed forecast income includes USD 1193.4 on 2026-01-15; pending credits are excluded. Waiting uses the confirmed USD 1193.4 inflow on 2026-01-15 before the full payment. A single full payment first becomes safe on 2026-01-15. This preserves the user's stated priorities: emergency savings, travel. The recommendation is safe under the stated 90-day forecast, not guaranteed."
request_133,0,not_affordable,not_recommended,none,,none,"Only IDR 0 is safe today; no eligible plan can finish IDR 15770000 by 2024-03-29 while preserving the minimum balance of IDR 9986200. Baseline 90-day low: IDR 7989080.69 on 2024-06-04. A material obligation is Residential rent payment: IDR 3895000 on 2024-04-02. This is a forecast, not a guarantee of future cash flow."
request_134,4461408.12,affordable_later,wait,2025-10-15:21831000,2025-10-15,none,"IDR 4461408.12 is safe to pay today before optional cuts. The recommended wait keeps the 90-day balance at or above IDR 15902500 (projected low IDR 20363908.13). A material obligation is Apartment rent transfer: IDR 7600000 on 2025-09-03. Confirmed forecast income includes IDR 24510000 on 2025-08-15; pending credits are excluded. Waiting uses the confirmed IDR 24510000 inflow on 2025-10-15 before the full payment. A single full payment first becomes safe on 2025-10-15. This preserves the user's stated priorities: education, debt repayment. The recommendation is safe under the stated 90-day forecast, not guaranteed."
request_135,283.18,affordable_with_plan,full_payment,2026-07-06:304.80,2026-07-15,stop:event_12413,"USD 283.18 is safe to pay today before optional cuts. The recommended full payment keeps the 90-day balance at or above USD 500 (projected low USD 501.39). A material obligation is Home association fee: USD 94 on 2026-08-05. Confirmed forecast income includes USD 828 on 2026-07-15; pending credits are excluded. The 1 authorized flexible-spending adjustment(s) save about USD 23 per recurrence (stop Video streaming plan) and are minimal for this plan. A single full payment first becomes safe on 2026-07-15. This preserves the user's stated priorities: healthcare, retirement investment. The recommendation is safe under the stated 90-day forecast, not guaranteed."
request_136,528.49,affordable_with_plan,full_payment,2024-06-03:560.40,2024-06-15,reduce_to:event_12498:27.2,"USD 528.49 is safe to pay today before optional cuts. The recommended full payment keeps the 90-day balance at or above USD 1100 (projected low USD 1108.5). A material obligation is Monthly rent: USD 357.6 on 2024-07-01. Confirmed forecast income includes USD 1548 on 2024-06-15; pending credits are excluded. The 1 authorized flexible-spending adjustment(s) save about USD 40.4 per recurrence (reduce to USD 27.2 Household shopping) and are minimal for this plan. A single full payment first becomes safe on 2024-06-15. This preserves the user's stated priorities: healthcare, family support. The recommendation is safe under the stated 90-day forecast, not guaranteed."
request_137,24172.14,not_affordable,not_recommended,none,,none,"Only INR 24172.14 is safe today; no eligible plan can finish INR 80100 by 2026-01-15 while preserving the minimum balance of INR 71800. Baseline 90-day low: INR 95972.14 on 2026-01-13. A material obligation is Monthly rent: INR 41776 on 2025-12-02. This is a forecast, not a guarantee of future cash flow."
request_138,752.75,affordable_with_plan,partial_payment,2026-04-07:752.75|2026-04-15:504.19,2026-04-15,none,"EUR 752.75 is safe to pay today before optional cuts. The recommended partial payment keeps the 90-day balance at or above EUR 2300 (projected low EUR 2300.01). A material obligation is Landlord standing order: EUR 711.7 on 2026-05-03. Confirmed forecast income includes EUR 2695 on 2026-04-15; pending credits are excluded. A single full payment first becomes safe on 2026-04-15. This preserves the user's stated priorities: retirement investment, emergency savings. The recommendation is safe under the stated 90-day forecast, not guaranteed."
request_139,1247.41,not_affordable,not_recommended,none,2024-11-15,none,"Only USD 1247.41 is safe today; no eligible plan can finish USD 2316 by 2024-11-17 while preserving the minimum balance of USD 1500. Baseline 90-day low: USD 2747.41 on 2024-09-13. A material obligation is Monthly rent: USD 480 on 2024-09-04. This is a forecast, not a guarantee of future cash flow."
request_140,1428.8,not_affordable,not_recommended,none,,none,"Only ZAR 1428.8 is safe today; no eligible plan can finish ZAR 62832 by 2025-03-04 while preserving the minimum balance of ZAR 21600. Baseline 90-day low: ZAR 23028.81 on 2025-02-12. A material obligation is Apartment rent transfer: ZAR 9966 on 2025-03-01. This is a forecast, not a guarantee of future cash flow."
request_141,18191.38,not_affordable,not_recommended,none,,none,"Only INR 18191.38 is safe today; no eligible plan can finish INR 171600 by 2026-02-12 while preserving the minimum balance of INR 67300. Baseline 90-day low: INR 85491.39 on 2026-01-14. A material obligation is Apartment rent transfer: INR 26800 on 2026-02-02. This is a forecast, not a guarantee of future cash flow."
request_142,1263.6,affordable_now,full_payment,2024-12-05:1263.60,2024-12-05,none,"USD 1263.6 is safe to pay today before optional cuts. The recommended full payment keeps the 90-day balance at or above USD 1700 (projected low USD 4627.98). A material obligation is Residential rent payment: USD 564 on 2025-01-03. Confirmed forecast income includes USD 900.53 on 2024-12-08; pending credits are excluded. This preserves the user's stated priorities: retirement investment, emergency savings. The recommendation is safe under the stated 90-day forecast, not guaranteed."
request_143,2501.34,affordable_later,wait,2025-07-15:12584,2025-07-15,none,"ZAR 2501.34 is safe to pay today before optional cuts. The recommended wait keeps the 90-day balance at or above ZAR 11300 (projected low ZAR 13034.28). A material obligation is Landlord standing order: ZAR 3784 on 2025-06-04. Confirmed forecast income includes ZAR 14430.17 on 2025-05-15; pending credits are excluded. Waiting uses the confirmed ZAR 14756.5 inflow on 2025-07-15 before the full payment. A single full payment first becomes safe on 2025-07-15. This preserves the user's stated priorities: education, debt repayment. The recommendation is safe under the stated 90-day forecast, not guaranteed."
request_144,233.34,affordable_now,full_payment,2026-07-04:233.34,2026-07-04,none,"USD 233.34 is safe to pay today before optional cuts. The recommended full payment keeps the 90-day balance at or above USD 600 (projected low USD 616.71). A material obligation is Shared housing rent: USD 220.8 on 2026-08-01. Confirmed forecast income includes USD 825.54 on 2026-07-15; pending credits are excluded. This preserves the user's stated priorities: education, debt repayment. The recommendation is safe under the stated 90-day forecast, not guaranteed."
request_145,27650.09,affordable_with_plan,installments,2024-03-20:75365.33|2024-04-20:75365.33|2024-05-21:75365.33,2024-04-15,none,"INR 27650.09 is safe to pay today before optional cuts. The recommended installments keeps the 90-day balance at or above INR 155400 (projected low INR 183050.1). A material obligation is Landlord standing order: INR 63900 on 2024-04-02. Confirmed forecast income includes INR 374100 on 2024-03-15; pending credits are excluded. This exact provider offer has 3 payments, total cost INR 226095.99, and fee INR 8695.99; it is the highest-ranked safe eligible offer. A single full payment first becomes safe on 2024-04-15. This preserves the user's stated priorities: emergency savings, housing. The recommendation is safe under the stated 90-day forecast, not guaranteed."
request_146,16037.09,not_affordable,not_recommended,none,,none,"Only INR 16037.09 is safe today; no eligible plan can finish INR 449400 by 2025-10-17 while preserving the minimum balance of INR 108600. Baseline 90-day low: INR 124637.09 on 2025-08-13. A material obligation is Home repair reserve: INR 14450 on 2025-08-04. This is a forecast, not a guarantee of future cash flow."
request_147,477.46,affordable_with_plan,installments,2026-04-08:391.63|2026-05-08:391.63|2026-06-07:391.63,2026-05-15,none,"EUR 477.46 is safe to pay today before optional cuts. The recommended installments keeps the 90-day balance at or above EUR 900 (projected low EUR 985.83). A material obligation is Apartment rent transfer: EUR 464.2 on 2026-05-04. Confirmed forecast income includes EUR 1529 on 2026-04-15; pending credits are excluded. This exact provider offer has 3 payments, total cost EUR 1174.89, and fee EUR 45.19; it is the highest-ranked safe eligible offer. A single full payment first becomes safe on 2026-05-15. This preserves the user's stated priorities: retirement investment, emergency savings. The recommendation is safe under the stated 90-day forecast, not guaranteed."
request_148,7127.01,affordable_with_plan,installments,2024-06-14:7710.56|2024-07-15:7710.56|2024-08-15:7710.56,2024-08-15,stop:event_13593,"ZAR 7127.01 is safe to pay today before optional cuts. The recommended installments keeps the 90-day balance at or above ZAR 20000 (projected low ZAR 20067.66). A material obligation is Shared housing rent: ZAR 11066 on 2024-07-01. Confirmed forecast income includes ZAR 35640 on 2024-06-15; pending credits are excluded. This exact provider offer has 3 payments, total cost ZAR 23131.68, and fee ZAR 889.68; it is the highest-ranked safe eligible offer. The 1 authorized flexible-spending adjustment(s) save about ZAR 651.2 per recurrence (stop Community fitness plan) and are minimal for this plan. A single full payment first becomes safe on 2024-08-15. This preserves the user's stated priorities: education, emergency savings. The recommendation is safe under the stated 90-day forecast, not guaranteed."
request_149,22401.22,affordable_with_plan,installments,2025-11-18:12706.03|2025-12-16:12706.03|2026-01-13:12706.03,2025-12-15,none,"ZAR 22401.22 is safe to pay today before optional cuts. The recommended installments keeps the 90-day balance at or above ZAR 42100 (projected low ZAR 42714.03). A material obligation is Monthly rent: ZAR 16654 on 2025-12-02. Confirmed forecast income includes ZAR 52360 on 2025-11-15; pending credits are excluded. This exact provider offer has 3 payments, total cost ZAR 38118.09, and fee ZAR 1466.09; it is the highest-ranked safe eligible offer. A single full payment first becomes safe on 2025-12-15. This preserves the user's stated priorities: healthcare, family support. The recommendation is safe under the stated 90-day forecast, not guaranteed."
request_150,255.75,affordable_with_plan,installments,2026-01-06:171.98|2026-02-05:171.98|2026-03-07:171.98,2026-03-15,stop:event_13786|reduce_to:event_13787:16,"EUR 255.75 is safe to pay today before optional cuts. The recommended installments keeps the 90-day balance at or above EUR 700 (projected low EUR 721.2). A material obligation is Residential rent payment: EUR 268.4 on 2026-02-03. Confirmed forecast income includes EUR 867.05 on 2026-01-15; pending credits are excluded. This exact provider offer has 3 payments, total cost EUR 515.94, and fee EUR 19.84; it is the highest-ranked safe eligible offer. The 2 authorized flexible-spending adjustment(s) save about EUR 46.79 per recurrence (stop Family streaming plan; reduce to EUR 16 Online retail purchases) and are minimal for this plan. A single full payment first becomes safe on 2026-03-15. This preserves the user's stated priorities: emergency savings, travel. The recommendation is safe under the stated 90-day forecast, not guaranteed."
request_151,26999000,affordable_now,full_payment,2024-09-03:26999000,2024-09-03,none,"IDR 26999000 is safe to pay today before optional cuts. The recommended full payment keeps the 90-day balance at or above IDR 31633600 (projected low IDR 32254800.77). A material obligation is Landlord standing order: IDR 12236000 on 2024-09-04. Confirmed forecast income includes IDR 46170000 on 2024-09-15; pending credits are excluded. This preserves the user's stated priorities: debt repayment, emergency savings. The recommendation is safe under the stated 90-day forecast, not guaranteed."
request_152,11084.9,affordable_with_plan,installments,2025-02-12:4812.43|2025-03-12:4812.43|2025-04-09:4812.43,2025-04-15,stop:event_13957|reduce_to:event_14024:234.3,"ZAR 11084.9 is safe to pay today before optional cuts. The recommended installments keeps the 90-day balance at or above ZAR 11900 (projected low ZAR 11953.73). A material obligation is Apartment rent transfer: ZAR 3894 on 2025-03-01. Confirmed forecast income includes ZAR 13640 on 2025-02-15; pending credits are excluded. This exact provider offer has 3 payments, total cost ZAR 14437.29, and fee ZAR 555.29; it is the highest-ranked safe eligible offer. The 2 authorized flexible-spending adjustment(s) save about ZAR 348.76 per recurrence (stop Music subscription; reduce to ZAR 234.3 Coffee shop) and are minimal for this plan. A single full payment first becomes safe on 2025-04-15. This preserves the user's stated priorities: education, debt repayment. The recommendation is safe under the stated 90-day forecast, not guaranteed."
request_153,15.2,not_affordable,not_recommended,none,,none,"Only USD 15.2 is safe today; no eligible plan can finish USD 2830.8 by 2026-09-24 while preserving the minimum balance of USD 1400. Baseline 90-day low: USD 1415.2 on 2026-07-14. A material obligation is Residential rent payment: USD 528 on 2026-08-02. This is a forecast, not a guarantee of future cash flow."
request_154,1625.8,affordable_with_plan,installments,2024-12-04:563.61|2025-01-04:563.61|2025-02-04:563.61,2024-12-04,none,"EUR 1625.8 is safe to pay today before optional cuts. The recommended installments keeps the 90-day balance at or above EUR 1300 (projected low EUR 2491.85). A material obligation is Shared housing rent: EUR 507.1 on 2025-01-03. Confirmed forecast income includes EUR 1628 on 2024-12-15; pending credits are excluded. This exact provider offer has 3 payments, total cost EUR 1690.83, and fee EUR 65.03; it is the highest-ranked safe eligible offer. This preserves the user's stated priorities: emergency savings, housing. The recommendation is safe under the stated 90-day forecast, not guaranteed."
request_155,112500,affordable_now,full_payment,2025-05-06:112500,2025-05-06,none,"INR 112500 is safe to pay today before optional cuts. The recommended full payment keeps the 90-day balance at or above INR 56300 (projected low INR 76602.22). A material obligation is Course tuition: INR 8190 on 2025-05-10. Confirmed forecast income includes INR 84000 on 2025-05-15; pending credits are excluded. This preserves the user's stated priorities: education, family support. The recommendation is safe under the stated 90-day forecast, not guaranteed."
request_156,8497.56,affordable_later,wait,2026-06-15:43076,2026-06-15,none,"ZAR 8497.56 is safe to pay today before optional cuts. The recommended wait keeps the 90-day balance at or above ZAR 26900 (projected low ZAR 35397.56). A material obligation is Apartment rent transfer: ZAR 7568 on 2026-05-01. Confirmed forecast income includes ZAR 30114.87 on 2026-04-15; pending credits are excluded. Waiting uses the confirmed ZAR 32340 inflow on 2026-06-15 before the full payment. A single full payment first becomes safe on 2026-06-15. This preserves the user's stated priorities: retirement investment, emergency savings. The recommendation is safe under the stated 90-day forecast, not guaranteed."
request_157,4775248.01,affordable_later,wait,2024-04-15:23503000,2024-04-15,none,"IDR 4775248.01 is safe to pay today before optional cuts. The recommended wait keeps the 90-day balance at or above IDR 15714100 (projected low IDR 17255175.08). A material obligation is Monthly rent: IDR 6612000 on 2024-04-02. Confirmed forecast income includes IDR 23940000 on 2024-03-15; pending credits are excluded. Waiting uses the confirmed IDR 32628370.47 inflow on 2024-04-15 before the full payment. A single full payment first becomes safe on 2024-04-15. This preserves the user's stated priorities: education, emergency savings. The recommendation is safe under the stated 90-day forecast, not guaranteed."
request_158,242600,affordable_with_plan,installments,2025-08-07:84101.33|2025-09-04:84101.33|2025-10-02:84101.33,2025-08-07,none,"INR 242600 is safe to pay today before optional cuts. The recommended installments keeps the 90-day balance at or above INR 131400 (projected low INR 648271.82). A material obligation is Shared housing rent: INR 67600 on 2025-09-03. Confirmed forecast income includes INR 131862.67 on 2025-08-08; pending credits are excluded. This exact provider offer has 3 payments, total cost INR 252303.99, and fee INR 9703.99; it is the highest-ranked safe eligible offer. This preserves the user's stated priorities: retirement investment, emergency savings. The recommendation is safe under the stated 90-day forecast, not guaranteed."
request_159,0,not_affordable,not_recommended,none,,none,"Only ZAR 0 is safe today; no eligible plan can finish ZAR 13398 by 2026-03-20 while preserving the minimum balance of ZAR 8700. Baseline 90-day low: ZAR 4962.62 on 2026-04-04. A material obligation is Apartment rent transfer: ZAR 4114 on 2026-01-04. This is a forecast, not a guarantee of future cash flow."
request_160,569.51,affordable_with_plan,installments,2024-06-13:432.05|2024-07-14:432.05|2024-08-14:432.05,2024-07-15,none,"EUR 569.51 is safe to pay today before optional cuts. The recommended installments keeps the 90-day balance at or above EUR 1200 (projected low EUR 1337.47). A material obligation is Monthly rent: EUR 534.6 on 2024-07-01. Confirmed forecast income includes EUR 1672 on 2024-06-15; pending credits are excluded. This exact provider offer has 3 payments, total cost EUR 1296.15, and fee EUR 49.85; it is the highest-ranked safe eligible offer. A single full payment first becomes safe on 2024-07-15. This preserves the user's stated priorities: debt repayment, emergency savings. The recommendation is safe under the stated 90-day forecast, not guaranteed."
request_161,6906804.19,affordable_later,wait,2026-01-15:21204000,2026-01-15,none,"IDR 6906804.19 is safe to pay today before optional cuts. The recommended wait keeps the 90-day balance at or above IDR 23010400 (projected low IDR 29917204.19). A material obligation is Landlord standing order: IDR 8265000 on 2025-12-02. Confirmed forecast income includes IDR 25625994.45 on 2025-11-15; pending credits are excluded. Waiting uses the confirmed IDR 26790000 inflow on 2026-01-15 before the full payment. A single full payment first becomes safe on 2026-01-15. This preserves the user's stated priorities: education, debt repayment. The recommendation is safe under the stated 90-day forecast, not guaranteed."
request_162,1255094.8,not_affordable,not_recommended,none,,none,"Only IDR 1255094.8 is safe today; no eligible plan can finish IDR 83923000 by 2026-08-26 while preserving the minimum balance of IDR 24161100. Baseline 90-day low: IDR 25416194.8 on 2026-07-13. A material obligation is Home repair reserve: IDR 2242000 on 2026-08-04. This is a forecast, not a guarantee of future cash flow."
request_163,8809583.38,affordable_with_plan,installments,2024-09-10:6692053.33|2024-10-11:6692053.33|2024-11-11:6692053.33,2024-09-15,none,"IDR 8809583.38 is safe to pay today before optional cuts. The recommended installments keeps the 90-day balance at or above IDR 26728700 (projected low IDR 28846230.05). A material obligation is Residential rent payment: IDR 6802000 on 2024-10-04. Confirmed forecast income includes IDR 43345878.86 on 2024-09-15; pending credits are excluded. This exact provider offer has 3 payments, total cost IDR 20076159.99, and fee IDR 772159.99; it is the highest-ranked safe eligible offer. A single full payment first becomes safe on 2024-09-15. This preserves the user's stated priorities: emergency savings, housing. The recommendation is safe under the stated 90-day forecast, not guaranteed."
request_164,27018000,affordable_with_plan,installments,2025-02-11:9366240|2025-03-11:9366240|2025-04-08:9366240,2025-02-04,none,"IDR 27018000 is safe to pay today before optional cuts. The recommended installments keeps the 90-day balance at or above IDR 29550500 (projected low IDR 49768267.12). A material obligation is Home association fee: IDR 4474500 on 2025-03-02. Confirmed forecast income includes IDR 44270000 on 2025-02-15; pending credits are excluded. This exact provider offer has 3 payments, total cost IDR 28098720, and fee IDR 1080720; it is the highest-ranked safe eligible offer. This preserves the user's stated priorities: education, family support. The recommendation is safe under the stated 90-day forecast, not guaranteed."
request_165,80600,affordable_now,full_payment,2026-04-06:80600,2026-04-06,none,"INR 80600 is safe to pay today before optional cuts. The recommended full payment keeps the 90-day balance at or above INR 95000 (projected low INR 267135.27). A material obligation is Monthly rent: INR 30900 on 2026-05-02. Confirmed forecast income includes INR 121000 on 2026-04-15; pending credits are excluded. This preserves the user's stated priorities: retirement investment, emergency savings. The recommendation is safe under the stated 90-day forecast, not guaranteed."
request_166,2907.6,affordable_with_plan,installments,2024-12-03:1007.97|2025-01-03:1007.97|2025-02-03:1007.97,2024-12-03,none,"USD 2907.6 is safe to pay today before optional cuts. The recommended installments keeps the 90-day balance at or above USD 1700 (projected low USD 7211.28). A material obligation is Residential rent payment: USD 520.8 on 2024-12-03. Confirmed forecast income includes USD 1162.35 on 2024-12-08; pending credits are excluded. This exact provider offer has 3 payments, total cost USD 3023.91, and fee USD 116.31; it is the highest-ranked safe eligible offer. This preserves the user's stated priorities: retirement investment, emergency savings. The recommendation is safe under the stated 90-day forecast, not guaranteed."
request_167,43802,affordable_now,full_payment,2025-05-05:43802,2025-05-05,none,"ZAR 43802 is safe to pay today before optional cuts. The recommended full payment keeps the 90-day balance at or above ZAR 31200 (projected low ZAR 36328.15). A material obligation is Residential rent payment: ZAR 15994 on 2025-06-04. Confirmed forecast income includes ZAR 47740 on 2025-05-23; pending credits are excluded. This preserves the user's stated priorities: healthcare, family support. The recommendation is safe under the stated 90-day forecast, not guaranteed."
request_168,30444.55,affordable_with_plan,partial_payment,2026-01-07:30444.55|2026-02-15:18935.45,2026-02-15,none,"INR 30444.55 is safe to pay today before optional cuts. The recommended partial payment keeps the 90-day balance at or above INR 114400 (projected low INR 114400). A material obligation is Landlord standing order: INR 38100 on 2026-02-01. Confirmed forecast income includes INR 133941.58 on 2026-01-15; pending credits are excluded. A single full payment first becomes safe on 2026-02-15. This preserves the user's stated priorities: emergency savings, travel. The recommendation is safe under the stated 90-day forecast, not guaranteed."
request_169,41976,affordable_now,full_payment,2024-03-04:41976,2024-03-04,none,"ZAR 41976 is safe to pay today before optional cuts. The recommended full payment keeps the 90-day balance at or above ZAR 18700 (projected low ZAR 23799.64). A material obligation is Monthly rent: ZAR 8932 on 2024-04-02. Confirmed forecast income includes ZAR 33000 on 2024-03-15; pending credits are excluded. This preserves the user's stated priorities: emergency savings, travel. The recommendation is safe under the stated 90-day forecast, not guaranteed."
request_170,29866830.92,affordable_with_plan,installments,2025-08-06:12804480|2025-09-03:12804480|2025-10-01:12804480,2025-09-15,none,"IDR 29866830.92 is safe to pay today before optional cuts. The recommended installments keeps the 90-day balance at or above IDR 24715800 (projected low IDR 25610006). A material obligation is Landlord standing order: IDR 10507000 on 2025-09-03. Confirmed forecast income includes IDR 38760000 on 2025-08-15; pending credits are excluded. This exact provider offer has 3 payments, total cost IDR 38413440, and fee IDR 1477440; it is the highest-ranked safe eligible offer. A single full payment first becomes safe on 2025-09-15. This preserves the user's stated priorities: education, debt repayment. The recommendation is safe under the stated 90-day forecast, not guaranteed."
request_171,33.01,not_affordable,not_recommended,none,,none,"Only EUR 33.01 is safe today; no eligible plan can finish EUR 1878.8 by 2026-09-10 while preserving the minimum balance of EUR 500. Baseline 90-day low: EUR 533.02 on 2026-07-12. A material obligation is Building maintenance payment: EUR 81 on 2026-07-05. This is a forecast, not a guarantee of future cash flow."
request_172,9077.61,affordable_with_plan,partial_payment,2024-06-05:9077.61|2024-06-15:1122.39,2024-06-15,none,"ZAR 9077.61 is safe to pay today before optional cuts. The recommended partial payment keeps the 90-day balance at or above ZAR 27200 (projected low ZAR 27200). A material obligation is Landlord standing order: ZAR 10340 on 2024-07-01. Confirmed forecast income includes ZAR 34540 on 2024-06-15; pending credits are excluded. A single full payment first becomes safe on 2024-06-15. This preserves the user's stated priorities: healthcare, family support. The recommendation is safe under the stated 90-day forecast, not guaranteed."
request_173,55371.34,affordable_with_plan,installments,2025-11-21:39173.33|2025-12-19:39173.33|2026-01-16:39173.33,2026-01-15,none,"INR 55371.34 is safe to pay today before optional cuts. The recommended installments keeps the 90-day balance at or above INR 79100 (projected low INR 81564.59). A material obligation is Apartment rent transfer: INR 34000 on 2025-12-02. Confirmed forecast income includes INR 106995.72 on 2025-11-15; pending credits are excluded. This exact provider offer has 3 payments, total cost INR 117519.99, and fee INR 4519.99; it is the highest-ranked safe eligible offer. A single full payment first becomes safe on 2026-01-15. This preserves the user's stated priorities: emergency savings, travel. The recommendation is safe under the stated 90-day forecast, not guaranteed."
request_174,1075.32,affordable_with_plan,installments,2026-04-04:397.35|2026-05-04:397.35|2026-06-03:397.35,,stop:event_15975|reduce_to:event_15976:16.8,"EUR 1075.32 is safe to pay today before optional cuts. The recommended installments keeps the 90-day balance at or above EUR 700 (projected low EUR 711.3). A material obligation is Shared housing rent: EUR 204.6 on 2026-05-03. This exact provider offer has 3 payments, total cost EUR 1192.05, and fee EUR 45.85; it is the highest-ranked safe eligible offer. The 2 authorized flexible-spending adjustment(s) save about EUR 42.68 per recurrence (stop Video streaming plan; reduce to EUR 16.8 Household shopping) and are minimal for this plan. This preserves the user's stated priorities: retirement investment, emergency savings. The recommendation is safe under the stated 90-day forecast, not guaranteed."
request_175,2346.3,affordable_now,full_payment,2024-09-06:2346.30,2024-09-06,none,"EUR 2346.3 is safe to pay today before optional cuts. The recommended full payment keeps the 90-day balance at or above EUR 1700 (projected low EUR 1908.35). A material obligation is Monthly rent: EUR 496.1 on 2024-10-04. Confirmed forecast income includes EUR 1905.56 on 2024-09-15; pending credits are excluded. This preserves the user's stated priorities: education, emergency savings. The recommendation is safe under the stated 90-day forecast, not guaranteed."
request_176,367,not_affordable,not_recommended,none,,none,"Only EUR 367 is safe today; no eligible plan can finish EUR 1239.7 by 2025-02-27 while preserving the minimum balance of EUR 600. Baseline 90-day low: EUR 967 on 2025-02-14. A material obligation is Residential rent payment: EUR 258.5 on 2025-03-01. This is a forecast, not a guarantee of future cash flow."
request_177,1017.6,affordable_now,full_payment,2026-01-05:1017.60,2026-01-05,none,"USD 1017.6 is safe to pay today before optional cuts. The recommended full payment keeps the 90-day balance at or above USD 1300 (projected low USD 1390.53). A material obligation is Apartment rent transfer: USD 490.8 on 2026-02-02. Confirmed forecast income includes USD 1731.6 on 2026-01-15; pending credits are excluded. This preserves the user's stated priorities: emergency savings, travel. The recommendation is safe under the stated 90-day forecast, not guaranteed."
request_178,2938.1,affordable_with_plan,installments,2024-12-07:1018.54|2025-01-07:1018.54|2025-02-07:1018.54,2024-12-07,none,"EUR 2938.1 is safe to pay today before optional cuts. The recommended installments keeps the 90-day balance at or above EUR 1400 (projected low EUR 6796.22). A material obligation is Apartment rent transfer: EUR 540.1 on 2025-01-03. Confirmed forecast income includes EUR 1111.76 on 2024-12-08; pending credits are excluded. This exact provider offer has 3 payments, total cost EUR 3055.62, and fee EUR 117.52; it is the highest-ranked safe eligible offer. This preserves the user's stated priorities: retirement investment, emergency savings. The recommendation is safe under the stated 90-day forecast, not guaranteed."
request_179,6584779.78,affordable_later,wait,2025-07-15:41648000,2025-07-15,none,"IDR 6584779.78 is safe to pay today before optional cuts. The recommended wait keeps the 90-day balance at or above IDR 41430800 (projected low IDR 48015579.78). A material obligation is Apartment rent transfer: IDR 13623000 on 2025-05-04. Confirmed forecast income includes IDR 48035800 on 2025-05-15; pending credits are excluded. Waiting uses the confirmed IDR 48035800 inflow on 2025-07-15 before the full payment. A single full payment first becomes safe on 2025-07-15. This preserves the user's stated priorities: education, debt repayment. The recommendation is safe under the stated 90-day forecast, not guaranteed."
request_180,66500,affordable_now,full_payment,2026-07-06:66500,2026-07-06,none,"INR 66500 is safe to pay today before optional cuts. The recommended full payment keeps the 90-day balance at or above INR 37300 (projected low INR 47440.39). A material obligation is Monthly rent: INR 17400 on 2026-08-01. Confirmed forecast income includes INR 59000 on 2026-07-15; pending credits are excluded. This preserves the user's stated priorities: education, debt repayment. The recommendation is safe under the stated 90-day forecast, not guaranteed."
request_181,283.68,not_affordable,not_recommended,none,,none,"Only USD 283.68 is safe today; no eligible plan can finish USD 5059.2 by 2024-04-07 while preserving the minimum balance of USD 2000. Baseline 90-day low: USD 2283.69 on 2024-03-12. A material obligation is Landlord standing order: USD 877.2 on 2024-04-02. This is a forecast, not a guarantee of future cash flow."
request_182,65714,affordable_now,full_payment,2025-08-05:65714,2025-08-05,none,"ZAR 65714 is safe to pay today before optional cuts. The recommended full payment keeps the 90-day balance at or above ZAR 31100 (projected low ZAR 42771.27). A material obligation is Home repair reserve: ZAR 5522 on 2025-09-04. Confirmed forecast income includes ZAR 50704.33 on 2025-08-15; pending credits are excluded. This preserves the user's stated priorities: education, family support. The recommendation is safe under the stated 90-day forecast, not guaranteed."
request_183,22982284.09,affordable_with_plan,installments,2026-04-10:9313546.67|2026-05-10:9313546.67|2026-06-09:9313546.67,2026-05-15,stop:event_16813,"IDR 22982284.09 is safe to pay today before optional cuts. The recommended installments keeps the 90-day balance at or above IDR 11878300 (projected low IDR 12075230.89). A material obligation is Shared housing rent: IDR 5776000 on 2026-05-04. Confirmed forecast income includes IDR 20899995.6 on 2026-04-15; pending credits are excluded. This exact provider offer has 3 payments, total cost IDR 27940640.01, and fee IDR 1074640.01; it is the highest-ranked safe eligible offer. The 1 authorized flexible-spending adjustment(s) save about IDR 157700 per recurrence (stop Shared storage plan) and are minimal for this plan. A single full payment first becomes safe on 2026-05-15. This preserves the user's stated priorities: emergency savings, travel. The recommendation is safe under the stated 90-day forecast, not guaranteed."
request_184,7134.15,not_affordable,not_recommended,none,,none,"Only INR 7134.15 is safe today; no eligible plan can finish INR 251900 by 2024-07-30 while preserving the minimum balance of INR 110800. Baseline 90-day low: INR 117934.15 on 2024-06-13. A material obligation is Monthly rent: INR 42300 on 2024-07-01. This is a forecast, not a guarantee of future cash flow."
request_185,309.84,not_affordable,not_recommended,none,,none,"Only EUR 309.84 is safe today; no eligible plan can finish EUR 1257.3 by 2026-01-15 while preserving the minimum balance of EUR 1300. Baseline 90-day low: EUR 1609.85 on 2025-11-13. A material obligation is Apartment rent transfer: EUR 505.12 on 2025-12-02. This is a forecast, not a guarantee of future cash flow."
request_186,4156.67,affordable_later,wait,2026-03-15:26554,2026-03-15,none,"ZAR 4156.67 is safe to pay today before optional cuts. The recommended wait keeps the 90-day balance at or above ZAR 22000 (projected low ZAR 23296.23). A material obligation is Apartment rent transfer: ZAR 7348 on 2026-01-03. Confirmed forecast income includes ZAR 30838.14 on 2026-01-15; pending credits are excluded. Waiting uses the confirmed ZAR 29506.62 inflow on 2026-03-15 before the full payment. A single full payment first becomes safe on 2026-03-15. This preserves the user's stated priorities: emergency savings, travel. The recommendation is safe under the stated 90-day forecast, not guaranteed."
request_187,37844.43,affordable_later,wait,2024-11-15:187500,2024-11-15,none,"INR 37844.43 is safe to pay today before optional cuts. The recommended wait keeps the 90-day balance at or above INR 128300 (projected low INR 166144.44). A material obligation is Residential rent payment: INR 34600 on 2024-10-04. Confirmed forecast income includes INR 145000 on 2024-09-15; pending credits are excluded. Waiting uses the confirmed INR 145000 inflow on 2024-11-15 before the full payment. A single full payment first becomes safe on 2024-11-15. This preserves the user's stated priorities: debt repayment, emergency savings. The recommendation is safe under the stated 90-day forecast, not guaranteed."
request_188,102.93,not_affordable,not_recommended,none,,none,"Only EUR 102.93 is safe today; no eligible plan can finish EUR 2464 by 2025-03-04 while preserving the minimum balance of EUR 900. Baseline 90-day low: EUR 1002.94 on 2025-02-13. A material obligation is Monthly rent: EUR 451 on 2025-03-01. This is a forecast, not a guarantee of future cash flow."
request_189,488.4,affordable_now,full_payment,2026-07-04:488.40,2026-07-04,none,"EUR 488.4 is safe to pay today before optional cuts. The recommended full payment keeps the 90-day balance at or above EUR 400 (projected low EUR 474.48). A material obligation is Home association fee: EUR 48 on 2026-08-03. Confirmed forecast income includes EUR 627 on 2026-07-15; pending credits are excluded. This preserves the user's stated priorities: healthcare, retirement investment. The recommendation is safe under the stated 90-day forecast, not guaranteed."
request_190,478.56,affordable_later,wait,2025-02-15:2557.50,2025-02-15,none,"EUR 478.56 is safe to pay today before optional cuts. The recommended wait keeps the 90-day balance at or above EUR 1600 (projected low EUR 1894.73). A material obligation is Residential rent payment: EUR 728.2 on 2025-01-03. Confirmed forecast income includes EUR 2849 on 2024-12-15; pending credits are excluded. Waiting uses the confirmed EUR 2849 inflow on 2025-02-15 before the full payment. A single full payment first becomes safe on 2025-02-15. This preserves the user's stated priorities: emergency savings, housing. The recommendation is safe under the stated 90-day forecast, not guaranteed."
request_191,664.4,affordable_now,full_payment,2025-05-03:664.40,2025-05-03,none,"EUR 664.4 is safe to pay today before optional cuts. The recommended full payment keeps the 90-day balance at or above EUR 500 (projected low EUR 601.51). A material obligation is Home association fee: EUR 74 on 2025-05-05. Confirmed forecast income includes EUR 814 on 2025-05-15; pending credits are excluded. This preserves the user's stated priorities: education, family support. The recommendation is safe under the stated 90-day forecast, not guaranteed."
request_192,107.83,not_affordable,not_recommended,none,,none,"Only USD 107.83 is safe today; no eligible plan can finish USD 2046 by 2026-05-11 while preserving the minimum balance of USD 1000. Baseline 90-day low: USD 1107.83 on 2026-05-11. A material obligation is Monthly rent: USD 375.6 on 2026-05-01. This is a forecast, not a guarantee of future cash flow."
request_193,33.62,affordable_with_plan,installments,2024-03-21:420.23|2024-04-21:420.23|2024-05-22:420.23,2024-04-15,none,"EUR 33.62 is safe to pay today before optional cuts. The recommended installments keeps the 90-day balance at or above EUR 1000 (projected low EUR 1033.62). A material obligation is Landlord standing order: EUR 429 on 2024-04-02. Confirmed forecast income includes EUR 1750.32 on 2024-03-15; pending credits are excluded. This exact provider offer has 3 payments, total cost EUR 1260.69, and fee EUR 48.49; it is the highest-ranked safe eligible offer. A single full payment first becomes safe on 2024-04-15. This preserves the user's stated priorities: education, emergency savings. The recommendation is safe under the stated 90-day forecast, not guaranteed."
request_194,33083.27,affordable_later,wait,2025-10-23:132800,2025-10-23,none,"INR 33083.27 is safe to pay today before optional cuts. The recommended wait keeps the 90-day balance at or above INR 113600 (projected low INR 146683.28). A material obligation is Monthly rent: INR 40200 on 2025-09-03. Confirmed forecast income includes INR 137000 on 2025-08-23; pending credits are excluded. Waiting uses the confirmed INR 137000 inflow on 2025-10-23 before the full payment. A single full payment first becomes safe on 2025-10-23. This preserves the user's stated priorities: healthcare, family support. The recommendation is safe under the stated 90-day forecast, not guaranteed."
request_195,965.94,affordable_with_plan,installments,2026-01-09:405.74|2026-02-08:405.74|2026-03-10:405.74,2026-02-15,reduce_to:event_17955:12,"EUR 965.94 is safe to pay today before optional cuts. The recommended installments keeps the 90-day balance at or above EUR 700 (projected low EUR 733.37). A material obligation is Residential rent payment: EUR 400.4 on 2026-02-04. Confirmed forecast income includes EUR 1222.65 on 2026-01-15; pending credits are excluded. This exact provider offer has 3 payments, total cost EUR 1217.22, and fee EUR 46.82; it is the highest-ranked safe eligible offer. The 1 authorized flexible-spending adjustment(s) save about EUR 12 per recurrence (reduce to EUR 12 Streaming subscription) and are minimal for this plan. A single full payment first becomes safe on 2026-02-15. This preserves the user's stated priorities: emergency savings, travel. The recommendation is safe under the stated 90-day forecast, not guaranteed."
request_196,762.3,affordable_now,full_payment,2024-06-03:762.30,2024-06-03,none,"EUR 762.3 is safe to pay today before optional cuts. The recommended full payment keeps the 90-day balance at or above EUR 500 (projected low EUR 664.77). A material obligation is Residential rent payment: EUR 248.6 on 2024-07-01. Confirmed forecast income includes EUR 797.72 on 2024-06-15; pending credits are excluded. This preserves the user's stated priorities: debt repayment, emergency savings. The recommendation is safe under the stated 90-day forecast, not guaranteed."
request_197,50939000,affordable_with_plan,installments,2025-11-19:17658853.33|2025-12-17:17658853.33|2026-01-14:17658853.33,2025-11-05,none,"IDR 50939000 is safe to pay today before optional cuts. The recommended installments keeps the 90-day balance at or above IDR 26245900 (projected low IDR 27826624.08). A material obligation is Landlord standing order: IDR 11191000 on 2025-12-02. Confirmed forecast income includes IDR 38190000 on 2025-11-15; pending credits are excluded. This exact provider offer has 3 payments, total cost IDR 52976559.99, and fee IDR 2037559.99; it is the highest-ranked safe eligible offer. This preserves the user's stated priorities: education, debt repayment. The recommendation is safe under the stated 90-day forecast, not guaranteed."
request_198,185800,affordable_now,full_payment,2026-07-07:185800,2026-07-07,none,"INR 185800 is safe to pay today before optional cuts. The recommended full payment keeps the 90-day balance at or above INR 124300 (projected low INR 157332.65). A material obligation is Home association fee: INR 17550 on 2026-08-04. Confirmed forecast income includes INR 171040.53 on 2026-07-15; pending credits are excluded. This preserves the user's stated priorities: healthcare, retirement investment. The recommendation is safe under the stated 90-day forecast, not guaranteed."
request_199,23674000,affordable_with_plan,installments,2024-09-07:8206986.67|2024-10-08:8206986.67|2024-11-08:8206986.67,2024-09-04,none,"IDR 23674000 is safe to pay today before optional cuts. The recommended installments keeps the 90-day balance at or above IDR 25359500 (projected low IDR 26301072.99). A material obligation is Shared housing rent: IDR 10070000 on 2024-09-04. This exact provider offer has 3 payments, total cost IDR 24620960.01, and fee IDR 946960.01; it is the highest-ranked safe eligible offer. This preserves the user's stated priorities: education, emergency savings. The recommendation is safe under the stated 90-day forecast, not guaranteed."
request_200,21717000,affordable_now,full_payment,2025-02-06:21717000,2025-02-06,none,"IDR 21717000 is safe to pay today before optional cuts. The recommended full payment keeps the 90-day balance at or above IDR 20114600 (projected low IDR 24351759.97). A material obligation is Building maintenance payment: IDR 2346500 on 2025-03-02. Confirmed forecast income includes IDR 22610000 on 2025-02-15; pending credits are excluded. This preserves the user's stated priorities: education, family support. The recommendation is safe under the stated 90-day forecast, not guaranteed."
request_201,23122198.11,affordable_with_plan,full_payment,2026-04-03:23997000,,stop:event_18493,"IDR 23122198.11 is safe to pay today before optional cuts. The recommended full payment keeps the 90-day balance at or above IDR 17304500 (projected low IDR 17632398.12). A material obligation is Apartment rent transfer: IDR 6251000 on 2026-05-02. The 1 authorized flexible-spending adjustment(s) save about IDR 400900 per recurrence (stop Streaming subscription) and are minimal for this plan. This preserves the user's stated priorities: retirement investment, emergency savings. The recommendation is safe under the stated 90-day forecast, not guaranteed."
request_202,123900,affordable_now,full_payment,2024-12-05:123900,2024-12-05,none,"INR 123900 is safe to pay today before optional cuts. The recommended full payment keeps the 90-day balance at or above INR 147800 (projected low INR 166645.66). A material obligation is Residential rent payment: INR 58300 on 2025-01-03. Confirmed forecast income includes INR 180000 on 2024-12-15; pending credits are excluded. This preserves the user's stated priorities: healthcare, family support. The recommendation is safe under the stated 90-day forecast, not guaranteed."
request_203,1442.1,affordable_with_plan,installments,2025-05-10:499.93|2025-06-07:499.93|2025-07-05:499.93,2025-05-07,none,"EUR 1442.1 is safe to pay today before optional cuts. The recommended installments keeps the 90-day balance at or above EUR 1400 (projected low EUR 7353.26). A material obligation is Shared housing rent: EUR 800.8 on 2025-06-04. Confirmed forecast income includes EUR 580.32 on 2025-05-12; pending credits are excluded. This exact provider offer has 3 payments, total cost EUR 1499.79, and fee EUR 57.69; it is the highest-ranked safe eligible offer. This preserves the user's stated priorities: education, emergency savings. The recommendation is safe under the stated 90-day forecast, not guaranteed."
request_204,572.05,affordable_later,wait,2026-01-15:588.74,2026-01-15,none,"EUR 572.05 is safe to pay today before optional cuts. The recommended wait keeps the 90-day balance at or above EUR 1300 (projected low EUR 1415.65). A material obligation is Residential rent payment: EUR 628.1 on 2026-02-01. Confirmed forecast income includes EUR 1941.41 on 2026-01-15; pending credits are excluded. Waiting uses the confirmed EUR 1941.41 inflow on 2026-01-15 before the full payment. A single full payment first becomes safe on 2026-01-15. This preserves the user's stated priorities: education, debt repayment. The recommendation is safe under the stated 90-day forecast, not guaranteed."
request_205,10621000,affordable_now,full_payment,2024-03-06:10621000,2024-03-06,none,"IDR 10621000 is safe to pay today before optional cuts. The recommended full payment keeps the 90-day balance at or above IDR 13994300 (projected low IDR 15505567.74). A material obligation is Apartment rent transfer: IDR 5871000 on 2024-04-02. Confirmed forecast income includes IDR 18240000 on 2024-03-15; pending credits are excluded. This preserves the user's stated priorities: emergency savings, housing. The recommendation is safe under the stated 90-day forecast, not guaranteed."
request_206,1404.7,affordable_with_plan,installments,2025-08-03:486.96|2025-08-31:486.96|2025-09-28:486.96,2025-08-03,none,"EUR 1404.7 is safe to pay today before optional cuts. The recommended installments keeps the 90-day balance at or above EUR 900 (projected low EUR 4083.92). A material obligation is Apartment rent transfer: EUR 452.1 on 2025-08-03. Confirmed forecast income includes EUR 648.68 on 2025-08-08; pending credits are excluded. This exact provider offer has 3 payments, total cost EUR 1460.88, and fee EUR 56.18; it is the highest-ranked safe eligible offer. This preserves the user's stated priorities: retirement investment, emergency savings. The recommendation is safe under the stated 90-day forecast, not guaranteed."
request_207,4516.75,affordable_later,wait,2026-07-15:11830,2026-07-15,none,"ZAR 4516.75 is safe to pay today before optional cuts. The recommended wait keeps the 90-day balance at or above ZAR 13600 (projected low ZAR 15402.95). A material obligation is Property maintenance contribution: ZAR 2453 on 2026-07-05. Confirmed forecast income includes ZAR 21120 on 2026-07-15; pending credits are excluded. Waiting uses the confirmed ZAR 21120 inflow on 2026-07-15 before the full payment. A single full payment first becomes safe on 2026-07-15. This preserves the user's stated priorities: healthcare, retirement investment. The recommendation is safe under the stated 90-day forecast, not guaranteed."
request_208,3040802.27,affordable_later,wait,2024-06-15:4413000,2024-06-15,none,"IDR 3040802.27 is safe to pay today before optional cuts. The recommended wait keeps the 90-day balance at or above IDR 10470700 (projected low IDR 12278719.22). A material obligation is Monthly rent: IDR 3097000 on 2024-07-01. Confirmed forecast income includes IDR 13870000 on 2024-06-15; pending credits are excluded. Waiting uses the confirmed IDR 13870000 inflow on 2024-06-15 before the full payment. A single full payment first becomes safe on 2024-06-15. This preserves the user's stated priorities: emergency savings, housing. The recommendation is safe under the stated 90-day forecast, not guaranteed."
request_209,1660.21,not_affordable,not_recommended,none,,none,"Only ZAR 1660.21 is safe today; no eligible plan can finish ZAR 56914 by 2025-11-25 while preserving the minimum balance of ZAR 18400. Baseline 90-day low: ZAR 20060.21 on 2025-11-14. A material obligation is Property maintenance contribution: ZAR 2409 on 2025-12-03. This is a forecast, not a guarantee of future cash flow."
request_210,826.6,affordable_with_plan,partial_payment,2026-04-06:826.60|2026-04-15:533.42,2026-04-15,none,"USD 826.6 is safe to pay today before optional cuts. The recommended partial payment keeps the 90-day balance at or above USD 2000 (projected low USD 2000.01). A material obligation is Shared housing rent: USD 673.2 on 2026-05-03. Confirmed forecast income includes USD 2916 on 2026-04-15; pending credits are excluded. A single full payment first becomes safe on 2026-04-15. This preserves the user's stated priorities: retirement investment, emergency savings. The recommendation is safe under the stated 90-day forecast, not guaranteed."
request_211,252.01,affordable_later,wait,2024-11-15:1788.60,2024-11-15,none,"EUR 252.01 is safe to pay today before optional cuts. The recommended wait keeps the 90-day balance at or above EUR 1500 (projected low EUR 1752.01). A material obligation is Apartment rent transfer: EUR 460.9 on 2024-09-04. Confirmed forecast income includes EUR 1867.96 on 2024-09-15; pending credits are excluded. Waiting uses the confirmed EUR 1867.96 inflow on 2024-11-15 before the full payment. A single full payment first becomes safe on 2024-11-15. This preserves the user's stated priorities: education, emergency savings. The recommendation is safe under the stated 90-day forecast, not guaranteed."
request_212,5554894.6,not_affordable,not_recommended,none,,none,"Only IDR 5554894.6 is safe today; no eligible plan can finish IDR 71934000 by 2025-02-28 while preserving the minimum balance of IDR 29579800. Baseline 90-day low: IDR 35134694.61 on 2025-02-12. A material obligation is Apartment rent transfer: IDR 7600000 on 2025-03-01. This is a forecast, not a guarantee of future cash flow."
request_213,2375.43,not_affordable,not_recommended,none,,none,"Only USD 2375.43 is safe today; no eligible plan can finish USD 3362.4 by 2026-03-22 while preserving the minimum balance of USD 2100. Baseline 90-day low: USD 4475.44 on 2026-04-07. A material obligation is Residential rent payment: USD 842.4 on 2026-02-02. This is a forecast, not a guarantee of future cash flow."
request_214,41113.72,affordable_with_plan,partial_payment,2024-12-04:41113.72|2024-12-15:28636.28,2024-12-15,none,"INR 41113.72 is safe to pay today before optional cuts. The recommended partial payment keeps the 90-day balance at or above INR 174900 (projected low INR 174900.01). A material obligation is Apartment rent transfer: INR 69100 on 2025-01-03. Confirmed forecast income includes INR 235022.39 on 2024-12-15; pending credits are excluded. A single full payment first becomes safe on 2024-12-15. This preserves the user's stated priorities: emergency savings, travel. The recommendation is safe under the stated 90-day forecast, not guaranteed."
request_215,29986,affordable_with_plan,installments,2025-05-09:10395.15|2025-06-06:10395.15|2025-07-04:10395.15,2025-05-06,none,"ZAR 29986 is safe to pay today before optional cuts. The recommended installments keeps the 90-day balance at or above ZAR 15700 (projected low ZAR 29389.85). A material obligation is Monthly rent: ZAR 6270 on 2025-06-04. Confirmed forecast income includes ZAR 5443.85 on 2025-05-12; pending credits are excluded. This exact provider offer has 3 payments, total cost ZAR 31185.45, and fee ZAR 1199.45; it is the highest-ranked safe eligible offer. This preserves the user's stated priorities: education, emergency savings. The recommendation is safe under the stated 90-day forecast, not guaranteed."
request_216,483.08,affordable_later,wait,2026-09-15:3332.40,2026-09-15,none,"USD 483.08 is safe to pay today before optional cuts. The recommended wait keeps the 90-day balance at or above USD 1800 (projected low USD 2283.08). A material obligation is Home repair reserve: USD 194 on 2026-08-02. Confirmed forecast income includes USD 2332.14 on 2026-07-15; pending credits are excluded. Waiting uses the confirmed USD 2424 inflow on 2026-09-15 before the full payment. A single full payment first becomes safe on 2026-09-15. This preserves the user's stated priorities: healthcare, retirement investment. The recommendation is safe under the stated 90-day forecast, not guaranteed."
request_217,19583.39,affordable_with_plan,installments,2024-03-19:12889.07|2024-04-19:12889.07|2024-05-20:12889.07,2024-05-15,none,"ZAR 19583.39 is safe to pay today before optional cuts. The recommended installments keeps the 90-day balance at or above ZAR 26800 (projected low ZAR 27506.09). A material obligation is Landlord standing order: ZAR 10472 on 2024-04-02. Confirmed forecast income includes ZAR 35420 on 2024-03-15; pending credits are excluded. This exact provider offer has 3 payments, total cost ZAR 38667.21, and fee ZAR 1487.21; it is the highest-ranked safe eligible offer. A single full payment first becomes safe on 2024-05-15. This preserves the user's stated priorities: emergency savings, housing. The recommendation is safe under the stated 90-day forecast, not guaranteed."
request_218,24611852.51,affordable_with_plan,installments,2025-08-07:21195893.33|2025-09-04:21195893.33|2025-10-02:21195893.33,2025-09-15,none,"IDR 24611852.51 is safe to pay today before optional cuts. The recommended installments keeps the 90-day balance at or above IDR 34477200 (projected low IDR 37893159.18). A material obligation is Building maintenance payment: IDR 3800000 on 2025-09-04. Confirmed forecast income includes IDR 47368035.05 on 2025-08-15; pending credits are excluded. This exact provider offer has 3 payments, total cost IDR 63587679.99, and fee IDR 2445679.99; it is the highest-ranked safe eligible offer. A single full payment first becomes safe on 2025-09-15. This preserves the user's stated priorities: education, family support. The recommendation is safe under the stated 90-day forecast, not guaranteed."
request_219,711.17,affordable_with_plan,installments,2026-04-07:580.01|2026-05-07:580.01|2026-06-06:580.01,2026-05-15,none,"EUR 711.17 is safe to pay today before optional cuts. The recommended installments keeps the 90-day balance at or above EUR 1100 (projected low EUR 1192.82). A material obligation is Residential rent payment: EUR 650.1 on 2026-04-04. Confirmed forecast income includes EUR 1867.96 on 2026-04-15; pending credits are excluded. This exact provider offer has 3 payments, total cost EUR 1740.03, and fee EUR 66.93; it is the highest-ranked safe eligible offer. A single full payment first becomes safe on 2026-05-15. This preserves the user's stated priorities: retirement investment, emergency savings. The recommendation is safe under the stated 90-day forecast, not guaranteed."
request_220,72.33,not_affordable,not_recommended,none,,none,"Only EUR 72.33 is safe today; no eligible plan can finish EUR 3118.5 by 2024-07-03 while preserving the minimum balance of EUR 1100. Baseline 90-day low: EUR 1172.34 on 2024-06-13. A material obligation is Shared housing rent: EUR 309.1 on 2024-07-01. This is a forecast, not a guarantee of future cash flow."
request_221,109800,affordable_now,full_payment,2025-11-03:109800,2025-11-03,none,"INR 109800 is safe to pay today before optional cuts. The recommended full payment keeps the 90-day balance at or above INR 81500 (projected low INR 102788.51). A material obligation is Landlord standing order: INR 29300 on 2025-12-02. Confirmed forecast income includes INR 113253.78 on 2025-11-15; pending credits are excluded. This preserves the user's stated priorities: healthcare, family support. The recommendation is safe under the stated 90-day forecast, not guaranteed."
request_222,34078,affordable_now,full_payment,2026-01-05:34078,2026-01-05,none,"ZAR 34078 is safe to pay today before optional cuts. The recommended full payment keeps the 90-day balance at or above ZAR 27300 (projected low ZAR 81933.08). A material obligation is Shared housing rent: ZAR 8404 on 2026-02-03. Confirmed forecast income includes ZAR 13581.7 on 2026-01-08; pending credits are excluded. This preserves the user's stated priorities: retirement investment, emergency savings. The recommendation is safe under the stated 90-day forecast, not guaranteed."
request_223,898.7,affordable_now,full_payment,2024-09-07:898.70,2024-09-07,none,"EUR 898.7 is safe to pay today before optional cuts. The recommended full payment keeps the 90-day balance at or above EUR 800 (projected low EUR 997.42). A material obligation is Monthly rent: EUR 342.1 on 2024-10-04. Confirmed forecast income includes EUR 1309 on 2024-09-15; pending credits are excluded. This preserves the user's stated priorities: debt repayment, emergency savings. The recommendation is safe under the stated 90-day forecast, not guaranteed."
request_224,10063394.35,affordable_with_plan,partial_payment,2025-02-04:10063394.35|2025-02-15:263605.65,2025-02-15,none,"IDR 10063394.35 is safe to pay today before optional cuts. The recommended partial payment keeps the 90-day balance at or above IDR 22187600 (projected low IDR 22187600). A material obligation is Landlord standing order: IDR 9310000 on 2025-03-01. Confirmed forecast income includes IDR 34799972.26 on 2025-02-15; pending credits are excluded. A single full payment first becomes safe on 2025-02-15. This preserves the user's stated priorities: education, debt repayment. The recommendation is safe under the stated 90-day forecast, not guaranteed."
request_225,9590423.2,affordable_with_plan,installments,2026-07-20:7647120|2026-08-19:7647120|2026-09-18:7647120,2026-09-15,reduce_to:event_20649:314450,"IDR 9590423.2 is safe to pay today before optional cuts. The recommended installments keeps the 90-day balance at or above IDR 17670700 (projected low IDR 17986763.38). A material obligation is Residential rent payment: IDR 7107520 on 2026-08-02. Confirmed forecast income includes IDR 24890000 on 2026-07-15; pending credits are excluded. This exact provider offer has 3 payments, total cost IDR 22941360, and fee IDR 882360; it is the highest-ranked safe eligible offer. The 1 authorized flexible-spending adjustment(s) save about IDR 314450 per recurrence (reduce to IDR 314450 Streaming subscription) and are minimal for this plan. A single full payment first becomes safe on 2026-09-15. This preserves the user's stated priorities: emergency savings, housing. The recommendation is safe under the stated 90-day forecast, not guaranteed."
request_226,157000,affordable_now,full_payment,2024-12-03:157000,2024-12-03,none,"INR 157000 is safe to pay today before optional cuts. The recommended full payment keeps the 90-day balance at or above INR 209400 (projected low INR 238326.07). A material obligation is Shared housing rent: INR 82200 on 2024-12-03. Confirmed forecast income includes INR 377000 on 2024-12-15; pending credits are excluded. This preserves the user's stated priorities: emergency savings, housing. The recommendation is safe under the stated 90-day forecast, not guaranteed."
request_227,7567.26,not_affordable,not_recommended,none,,none,"Only INR 7567.26 is safe today; no eligible plan can finish INR 259700 by 2025-06-20 while preserving the minimum balance of INR 62900. Baseline 90-day low: INR 70467.26 on 2025-05-14. A material obligation is Property maintenance contribution: INR 10250 on 2025-05-05. This is a forecast, not a guarantee of future cash flow."
request_228,1601201.62,not_affordable,not_recommended,none,,none,"Only IDR 1601201.62 is safe today; no eligible plan can finish IDR 63327000 by 2026-04-30 while preserving the minimum balance of IDR 26191200. Baseline 90-day low: IDR 27792401.62 on 2026-04-13. A material obligation is Shared housing rent: IDR 7049000 on 2026-05-01. This is a forecast, not a guarantee of future cash flow."
request_229,434.66,affordable_with_plan,installments,2024-03-18:529.29|2024-04-18:529.29|2024-05-19:529.29,2024-05-15,none,"EUR 434.66 is safe to pay today before optional cuts. The recommended installments keeps the 90-day balance at or above EUR 1000 (projected low EUR 1037.73). A material obligation is Apartment rent transfer: EUR 366.3 on 2024-04-02. Confirmed forecast income includes EUR 1298 on 2024-03-15; pending credits are excluded. This exact provider offer has 3 payments, total cost EUR 1587.87, and fee EUR 61.07; it is the highest-ranked safe eligible offer. A single full payment first becomes safe on 2024-05-15. This preserves the user's stated priorities: education, emergency savings. The recommendation is safe under the stated 90-day forecast, not guaranteed."
request_230,3537.6,affordable_now,full_payment,2025-08-06:3537.60,2025-08-06,none,"EUR 3537.6 is safe to pay today before optional cuts. The recommended full payment keeps the 90-day balance at or above EUR 2000 (projected low EUR 3966.15). A material obligation is Apartment rent transfer: EUR 891 on 2025-09-03. Confirmed forecast income includes EUR 2827 on 2025-08-15; pending credits are excluded. This preserves the user's stated priorities: healthcare, family support. The recommendation is safe under the stated 90-day forecast, not guaranteed."
request_231,30710.56,affordable_with_plan,installments,2026-01-06:12378.08|2026-02-05:12378.08|2026-03-07:12378.08,2026-02-15,stop:event_21223,"ZAR 30710.56 is safe to pay today before optional cuts. The recommended installments keeps the 90-day balance at or above ZAR 24300 (projected low ZAR 24587.24). A material obligation is Residential rent payment: ZAR 14168 on 2026-01-04. Confirmed forecast income includes ZAR 44000 on 2026-01-15; pending credits are excluded. This exact provider offer has 3 payments, total cost ZAR 37134.24, and fee ZAR 1428.24; it is the highest-ranked safe eligible offer. The 1 authorized flexible-spending adjustment(s) save about ZAR 221.1 per recurrence (stop Shared storage plan) and are minimal for this plan. A single full payment first becomes safe on 2026-02-15. This preserves the user's stated priorities: emergency savings, travel. The recommendation is safe under the stated 90-day forecast, not guaranteed."
request_232,631.97,not_affordable,not_recommended,none,,none,"Only EUR 631.97 is safe today; no eligible plan can finish EUR 1970.1 by 2024-08-15 while preserving the minimum balance of EUR 2400. Baseline 90-day low: EUR 3031.97 on 2024-07-14. A material obligation is Landlord standing order: EUR 873.4 on 2024-07-01. This is a forecast, not a guarantee of future cash flow."
request_233,3738334.07,affordable_with_plan,partial_payment,2025-11-07:3738334.07|2025-11-15:2502665.93,2025-11-15,none,"IDR 3738334.07 is safe to pay today before optional cuts. The recommended partial payment keeps the 90-day balance at or above IDR 10365700 (projected low IDR 10365700.01). A material obligation is Shared housing rent: IDR 3895000 on 2025-12-02. Confirmed forecast income includes IDR 16910000 on 2025-11-15; pending credits are excluded. A single full payment first becomes safe on 2025-11-15. This preserves the user's stated priorities: education, debt repayment. The recommendation is safe under the stated 90-day forecast, not guaranteed."
request_234,183.18,affordable_later,wait,2026-09-15:1213.30,2026-09-15,none,"EUR 183.18 is safe to pay today before optional cuts. The recommended wait keeps the 90-day balance at or above EUR 700 (projected low EUR 883.19). A material obligation is Home association fee: EUR 86 on 2026-07-04. Confirmed forecast income includes EUR 913 on 2026-07-15; pending credits are excluded. Waiting uses the confirmed EUR 913 inflow on 2026-09-15 before the full payment. A single full payment first becomes safe on 2026-09-15. This preserves the user's stated priorities: healthcare, retirement investment. The recommendation is safe under the stated 90-day forecast, not guaranteed."
request_235,967.2,affordable_now,full_payment,2024-09-06:967.20,2024-09-06,none,"USD 967.2 is safe to pay today before optional cuts. The recommended full payment keeps the 90-day balance at or above USD 700 (projected low USD 820.61). A material obligation is Residential rent payment: USD 224.4 on 2024-10-04. Confirmed forecast income includes USD 1019.15 on 2024-09-15; pending credits are excluded. This preserves the user's stated priorities: emergency savings, travel. The recommendation is safe under the stated 90-day forecast, not guaranteed."
request_236,5830036.96,not_affordable,not_recommended,none,,none,"Only IDR 5830036.96 is safe today; no eligible plan can finish IDR 52383000 by 2025-02-23 while preserving the minimum balance of IDR 16768600. Baseline 90-day low: IDR 22598636.97 on 2025-02-13. A material obligation is Home repair reserve: IDR 2584000 on 2025-03-02. This is a forecast, not a guarantee of future cash flow."
request_237,22228678.74,affordable_with_plan,full_payment,2026-04-05:23826000,,reduce_to:event_21813:548720,"IDR 22228678.74 is safe to pay today before optional cuts. The recommended full payment keeps the 90-day balance at or above IDR 22431500 (projected low IDR 23327779.26). A material obligation is Shared housing rent: IDR 7695000 on 2026-05-02. The 1 authorized flexible-spending adjustment(s) save about IDR 831200.17 per recurrence (reduce to IDR 548720 Clothing and household items) and are minimal for this plan. This preserves the user's stated priorities: retirement investment, emergency savings. The recommendation is safe under the stated 90-day forecast, not guaranteed."
request_238,663.6,affordable_with_plan,installments,2024-12-07:230.05|2025-01-07:230.05|2025-02-07:230.05,2024-12-07,none,"USD 663.6 is safe to pay today before optional cuts. The recommended installments keeps the 90-day balance at or above USD 700 (projected low USD 1414.77). A material obligation is Monthly rent: USD 205.2 on 2025-01-03. Confirmed forecast income includes USD 847.5 on 2024-12-15; pending credits are excluded. This exact provider offer has 3 payments, total cost USD 690.15, and fee USD 26.55; it is the highest-ranked safe eligible offer. This preserves the user's stated priorities: education, emergency savings. The recommendation is safe under the stated 90-day forecast, not guaranteed."
request_239,642,affordable_now,full_payment,2025-05-04:642,2025-05-04,none,"USD 642 is safe to pay today before optional cuts. The recommended full payment keeps the 90-day balance at or above USD 600 (projected low USD 654.44). A material obligation is Landlord standing order: USD 321.6 on 2025-05-04. Confirmed forecast income includes USD 929 on 2025-05-15; pending credits are excluded. This preserves the user's stated priorities: healthcare, family support. The recommendation is safe under the stated 90-day forecast, not guaranteed."
request_240,13746.7,not_affordable,not_recommended,none,,none,"Only INR 13746.7 is safe today; no eligible plan can finish INR 101200 by 2026-03-20 while preserving the minimum balance of INR 52800. Baseline 90-day low: INR 66546.71 on 2026-01-12. A material obligation is Residential rent payment: INR 16100 on 2026-02-01. This is a forecast, not a guarantee of future cash flow."
request_241,21052000,affordable_with_plan,installments,2024-03-17:7298026.67|2024-04-17:7298026.67|2024-05-18:7298026.67,2024-03-03,none,"IDR 21052000 is safe to pay today before optional cuts. The recommended installments keeps the 90-day balance at or above IDR 19252000 (projected low IDR 20888841.89). A material obligation is Residential rent payment: IDR 7182000 on 2024-04-02. This exact provider offer has 3 payments, total cost IDR 21894080.01, and fee IDR 842080.01; it is the highest-ranked safe eligible offer. This preserves the user's stated priorities: debt repayment, emergency savings. The recommendation is safe under the stated 90-day forecast, not guaranteed."
request_242,27.28,not_affordable,not_recommended,none,,none,"Only EUR 27.28 is safe today; no eligible plan can finish EUR 1966.8 by 2025-08-25 while preserving the minimum balance of EUR 600. Baseline 90-day low: EUR 627.29 on 2025-08-14. A material obligation is Shared housing rent: EUR 270.6 on 2025-09-03. This is a forecast, not a guarantee of future cash flow."
request_243,17468,affordable_now,full_payment,2026-07-07:17468,2026-07-07,none,"ZAR 17468 is safe to pay today before optional cuts. The recommended full payment keeps the 90-day balance at or above ZAR 19900 (projected low ZAR 22977.58). A material obligation is Property maintenance contribution: ZAR 2343 on 2026-08-05. Confirmed forecast income includes ZAR 23450.76 on 2026-07-15; pending credits are excluded. This preserves the user's stated priorities: healthcare, retirement investment. The recommendation is safe under the stated 90-day forecast, not guaranteed."
request_244,49918,affordable_now,full_payment,2024-06-04:49918,2024-06-04,none,"ZAR 49918 is safe to pay today before optional cuts. The recommended full payment keeps the 90-day balance at or above ZAR 45900 (projected low ZAR 56843.24). A material obligation is Residential rent payment: ZAR 18106 on 2024-07-01. Confirmed forecast income includes ZAR 54615.89 on 2024-06-15; pending credits are excluded. This preserves the user's stated priorities: education, debt repayment. The recommendation is safe under the stated 90-day forecast, not guaranteed."
request_245,24005.91,affordable_later,wait,2026-01-15:128500,2026-01-15,none,"INR 24005.91 is safe to pay today before optional cuts. The recommended wait keeps the 90-day balance at or above INR 94600 (projected low INR 112676.89). A material obligation is Monthly rent: INR 35400 on 2025-12-02. Confirmed forecast income includes INR 136826.81 on 2025-11-15; pending credits are excluded. Waiting uses the confirmed INR 135904.58 inflow on 2026-01-15 before the full payment. A single full payment first becomes safe on 2026-01-15. This preserves the user's stated priorities: emergency savings, travel. The recommendation is safe under the stated 90-day forecast, not guaranteed."
request_246,64086,affordable_with_plan,installments,2026-04-03:22216.48|2026-05-03:22216.48|2026-06-02:22216.48,2026-04-03,none,"ZAR 64086 is safe to pay today before optional cuts. The recommended installments keeps the 90-day balance at or above ZAR 39300 (projected low ZAR 149227.35). A material obligation is Residential rent payment: ZAR 14234 on 2026-04-03. Confirmed forecast income includes ZAR 50160 on 2026-04-15; pending credits are excluded. This exact provider offer has 3 payments, total cost ZAR 66649.44, and fee ZAR 2563.44; it is the highest-ranked safe eligible offer. This preserves the user's stated priorities: retirement investment, emergency savings. The recommendation is safe under the stated 90-day forecast, not guaranteed."
request_247,1059.3,affordable_now,full_payment,2024-09-05:1059.30,2024-09-05,none,"EUR 1059.3 is safe to pay today before optional cuts. The recommended full payment keeps the 90-day balance at or above EUR 1300 (projected low EUR 1344.02). A material obligation is Landlord standing order: EUR 434.5 on 2024-10-04. Confirmed forecast income includes EUR 1516.56 on 2024-09-15; pending credits are excluded. This preserves the user's stated priorities: education, emergency savings. The recommendation is safe under the stated 90-day forecast, not guaranteed."
request_248,937.87,affordable_with_plan,partial_payment,2025-02-07:937.87|2025-04-15:1027.73,2025-04-15,none,"USD 937.87 is safe to pay today before optional cuts. The recommended partial payment keeps the 90-day balance at or above USD 1300 (projected low USD 1300). A material obligation is Apartment rent transfer: USD 343.2 on 2025-03-01. Confirmed forecast income includes USD 1548 on 2025-02-15; pending credits are excluded. A single full payment first becomes safe on 2025-04-15. This preserves the user's stated priorities: healthcare, family support. The recommendation is safe under the stated 90-day forecast, not guaranteed."
request_249,126.52,affordable_later,wait,2026-03-15:643.20,2026-03-15,none,"USD 126.52 is safe to pay today before optional cuts. The recommended wait keeps the 90-day balance at or above USD 600 (projected low USD 690.31). A material obligation is Monthly rent: USD 210 on 2026-02-02. Confirmed forecast income includes USD 702 on 2026-01-15; pending credits are excluded. Waiting uses the confirmed USD 684.57 inflow on 2026-03-15 before the full payment. A single full payment first becomes safe on 2026-03-15. This preserves the user's stated priorities: emergency savings, travel. The recommendation is safe under the stated 90-day forecast, not guaranteed."
request_250,15440.17,not_affordable,not_recommended,none,,none,"Only ZAR 15440.17 is safe today; no eligible plan can finish ZAR 124278 by 2025-01-18 while preserving the minimum balance of ZAR 35300. Baseline 90-day low: ZAR 50740.18 on 2024-12-12. A material obligation is Landlord standing order: ZAR 15158 on 2025-01-03. This is a forecast, not a guarantee of future cash flow."
request_251,1513.6,not_affordable,not_recommended,none,2025-05-03,none,"Only EUR 1513.6 is safe today; no eligible plan can finish EUR 1513.6 by 2025-06-06 while preserving the minimum balance of EUR 1300. Baseline 90-day low: EUR 4166.75 on 2025-05-04. A material obligation is Apartment rent transfer: EUR 401.5 on 2025-05-04. This is a forecast, not a guarantee of future cash flow."
request_252,3988819.5,affordable_later,wait,2026-09-15:28082000,2026-09-15,none,"IDR 3988819.5 is safe to pay today before optional cuts. The recommended wait keeps the 90-day balance at or above IDR 15152200 (projected low IDR 19141019.51). A material obligation is Property maintenance contribution: IDR 1453500 on 2026-08-02. Confirmed forecast income includes IDR 19760000 on 2026-07-15; pending credits are excluded. Waiting uses the confirmed IDR 19027119.92 inflow on 2026-09-15 before the full payment. A single full payment first becomes safe on 2026-09-15. This preserves the user's stated priorities: healthcare, retirement investment. The recommendation is safe under the stated 90-day forecast, not guaranteed."
request_253,1370.82,affordable_with_plan,installments,2024-03-21:984.60|2024-04-21:984.60|2024-05-22:984.60,2024-05-15,none,"EUR 1370.82 is safe to pay today before optional cuts. The recommended installments keeps the 90-day balance at or above EUR 2300 (projected low EUR 2421.38). A material obligation is Monthly rent: EUR 883.3 on 2024-04-02. Confirmed forecast income includes EUR 2860 on 2024-03-15; pending credits are excluded. This exact provider offer has 3 payments, total cost EUR 2953.8, and fee EUR 113.6; it is the highest-ranked safe eligible offer. A single full payment first becomes safe on 2024-05-15. This preserves the user's stated priorities: emergency savings, housing. The recommendation is safe under the stated 90-day forecast, not guaranteed."
request_254,637.22,affordable_later,wait,2025-10-15:3535.20,2025-10-15,none,"USD 637.22 is safe to pay today before optional cuts. The recommended wait keeps the 90-day balance at or above USD 2500 (projected low USD 3137.23). A material obligation is Property maintenance contribution: USD 244 on 2025-08-04. Confirmed forecast income includes USD 2704.99 on 2025-08-15; pending credits are excluded. Waiting uses the confirmed USD 2704.99 inflow on 2025-10-15 before the full payment. A single full payment first becomes safe on 2025-10-15. This preserves the user's stated priorities: education, family support. The recommendation is safe under the stated 90-day forecast, not guaranteed."
request_255,750746.02,not_affordable,not_recommended,none,,none,"Only IDR 750746.02 is safe today; no eligible plan can finish IDR 3345000 by 2026-06-15 while preserving the minimum balance of IDR 9813900. Baseline 90-day low: IDR 10564646.03 on 2026-07-04. A material obligation is Residential rent payment: IDR 3838000 on 2026-05-04. This is a forecast, not a guarantee of future cash flow."
request_256,152799.24,affordable_with_plan,installments,2024-06-10:75816|2024-07-11:75816|2024-08-11:75816,2024-07-15,none,"INR 152799.24 is safe to pay today before optional cuts. The recommended installments keeps the 90-day balance at or above INR 168600 (projected low INR 185548.89). A material obligation is Monthly rent: INR 56600 on 2024-07-01. Confirmed forecast income includes INR 210187.47 on 2024-06-15; pending credits are excluded. This exact provider offer has 3 payments, total cost INR 227448, and fee INR 8748; it is the highest-ranked safe eligible offer. A single full payment first becomes safe on 2024-07-15. This preserves the user's stated priorities: education, debt repayment. The recommendation is safe under the stated 90-day forecast, not guaranteed."
request_257,317.95,affordable_later,wait,2026-01-15:1352.40,2026-01-15,none,"USD 317.95 is safe to pay today before optional cuts. The recommended wait keeps the 90-day balance at or above USD 1600 (projected low USD 1640.56). A material obligation is Apartment rent transfer: USD 540 on 2025-12-02. Confirmed forecast income includes USD 1954.37 on 2025-11-15; pending credits are excluded. Waiting uses the confirmed USD 1954.37 inflow on 2026-01-15 before the full payment. A single full payment first becomes safe on 2026-01-15. This preserves the user's stated priorities: emergency savings, travel. The recommendation is safe under the stated 90-day forecast, not guaranteed."
request_258,1113.6,affordable_now,full_payment,2026-01-07:1113.60,2026-01-07,none,"USD 1113.6 is safe to pay today before optional cuts. The recommended full payment keeps the 90-day balance at or above USD 500 (projected low USD 561.95). A material obligation is Apartment rent transfer: USD 242.4 on 2026-02-03. Confirmed forecast income includes USD 502.59 on 2026-01-15; pending credits are excluded. This preserves the user's stated priorities: emergency savings, travel. The recommendation is safe under the stated 90-day forecast, not guaranteed."
request_259,211.88,affordable_later,wait,2024-11-15:935,2024-11-15,none,"EUR 211.88 is safe to pay today before optional cuts. The recommended wait keeps the 90-day balance at or above EUR 600 (projected low EUR 811.88). A material obligation is Monthly rent: EUR 240.9 on 2024-09-04. Confirmed forecast income includes EUR 755.91 on 2024-09-15; pending credits are excluded. Waiting uses the confirmed EUR 792 inflow on 2024-11-15 before the full payment. A single full payment first becomes safe on 2024-11-15. This preserves the user's stated priorities: debt repayment, emergency savings. The recommendation is safe under the stated 90-day forecast, not guaranteed."
request_260,6375023.46,not_affordable,not_recommended,none,,none,"Only IDR 6375023.46 is safe today; no eligible plan can finish IDR 52079000 by 2025-04-18 while preserving the minimum balance of IDR 20727700. Baseline 90-day low: IDR 27102723.47 on 2025-02-14. A material obligation is Landlord standing order: IDR 8436000 on 2025-03-01. This is a forecast, not a guarantee of future cash flow."
request_261,1830.4,affordable_now,full_payment,2026-07-03:1830.40,2026-07-03,none,"EUR 1830.4 is safe to pay today before optional cuts. The recommended full payment keeps the 90-day balance at or above EUR 1500 (projected low EUR 1777.84). A material obligation is Home repair reserve: EUR 301 on 2026-07-03. Confirmed forecast income includes EUR 2684 on 2026-07-15; pending credits are excluded. This preserves the user's stated priorities: healthcare, retirement investment. The recommendation is safe under the stated 90-day forecast, not guaranteed."
request_262,9236000,affordable_now,full_payment,2024-12-05:9236000,2024-12-05,none,"IDR 9236000 is safe to pay today before optional cuts. The recommended full payment keeps the 90-day balance at or above IDR 31018500 (projected low IDR 57398846.82). A material obligation is Landlord standing order: IDR 13452000 on 2025-01-03. Confirmed forecast income includes IDR 48260000 on 2024-12-15; pending credits are excluded. This preserves the user's stated priorities: emergency savings, housing. The recommendation is safe under the stated 90-day forecast, not guaranteed."
request_263,5805.03,not_affordable,not_recommended,none,,none,"Only ZAR 5805.03 is safe today; no eligible plan can finish ZAR 51546 by 2025-06-15 while preserving the minimum balance of ZAR 24100. Baseline 90-day low: ZAR 29905.03 on 2025-05-14. A material obligation is Apartment rent transfer: ZAR 9174 on 2025-06-04. This is a forecast, not a guarantee of future cash flow."
request_264,23492.15,affordable_later,wait,2026-06-15:111300,2026-06-15,none,"INR 23492.15 is safe to pay today before optional cuts. The recommended wait keeps the 90-day balance at or above INR 59500 (projected low INR 82992.15). A material obligation is Apartment rent transfer: INR 20400 on 2026-05-01. Confirmed forecast income includes INR 88000 on 2026-04-15; pending credits are excluded. Waiting uses the confirmed INR 84165.04 inflow on 2026-06-15 before the full payment. A single full payment first becomes safe on 2026-06-15. This preserves the user's stated priorities: retirement investment, emergency savings. The recommendation is safe under the stated 90-day forecast, not guaranteed."
request_265,0,not_affordable,not_recommended,none,,none,"Only INR 0 is safe today; no eligible plan can finish INR 45970 by 2024-03-21 while preserving the minimum balance of INR 189700. Baseline 90-day low: INR 167832.55 on 2024-06-04. A material obligation is Monthly rent: INR 83700 on 2024-04-02. This is a forecast, not a guarantee of future cash flow."
request_266,770.25,affordable_with_plan,installments,2025-08-03:324.13|2025-08-31:324.13|2025-09-28:324.13,2025-09-15,none,"EUR 770.25 is safe to pay today before optional cuts. The recommended installments keeps the 90-day balance at or above EUR 900 (projected low EUR 927.39). A material obligation is Apartment rent transfer: EUR 266.2 on 2025-08-03. Confirmed forecast income includes EUR 968 on 2025-08-15; pending credits are excluded. This exact provider offer has 3 payments, total cost EUR 972.39, and fee EUR 37.39; it is the highest-ranked safe eligible offer. A single full payment first becomes safe on 2025-09-15. This preserves the user's stated priorities: healthcare, family support. The recommendation is safe under the stated 90-day forecast, not guaranteed."
request_267,1641.71,affordable_with_plan,installments,2026-01-08:667.33|2026-02-07:667.33|2026-03-09:667.33,2026-02-15,stop:event_24573,"EUR 1641.71 is safe to pay today before optional cuts. The recommended installments keeps the 90-day balance at or above EUR 1500 (projected low EUR 1640.36). A material obligation is Landlord standing order: EUR 575.3 on 2026-02-04. Confirmed forecast income includes EUR 1821.6 on 2026-01-15; pending credits are excluded. This exact provider offer has 3 payments, total cost EUR 2001.99, and fee EUR 76.99; it is the highest-ranked safe eligible offer. The 1 authorized flexible-spending adjustment(s) save about EUR 52 per recurrence (stop Family streaming plan) and are minimal for this plan. A single full payment first becomes safe on 2026-02-15. This preserves the user's stated priorities: emergency savings, travel. The recommendation is safe under the stated 90-day forecast, not guaranteed."
request_268,1041.49,affordable_with_plan,installments,2024-06-14:841.22|2024-07-15:841.22|2024-08-15:841.22,2024-07-15,none,"EUR 1041.49 is safe to pay today before optional cuts. The recommended installments keeps the 90-day balance at or above EUR 1400 (projected low EUR 1600.28). A material obligation is Monthly rent: EUR 557.7 on 2024-07-01. Confirmed forecast income includes EUR 2288 on 2024-06-15; pending credits are excluded. This exact provider offer has 3 payments, total cost EUR 2523.66, and fee EUR 97.06; it is the highest-ranked safe eligible offer. A single full payment first becomes safe on 2024-07-15. This preserves the user's stated priorities: debt repayment, emergency savings. The recommendation is safe under the stated 90-day forecast, not guaranteed."
request_269,9921.59,affordable_later,wait,2025-12-15:15490,2025-12-15,none,"ZAR 9921.59 is safe to pay today before optional cuts. The recommended wait keeps the 90-day balance at or above ZAR 23100 (projected low ZAR 28364.2). A material obligation is Shared housing rent: ZAR 11484 on 2025-12-02. Confirmed forecast income includes ZAR 38280 on 2025-11-15; pending credits are excluded. Waiting uses the confirmed ZAR 37349.34 inflow on 2025-12-15 before the full payment. A single full payment first becomes safe on 2025-12-15. This preserves the user's stated priorities: education, debt repayment. The recommendation is safe under the stated 90-day forecast, not guaranteed."
request_270,96.77,not_affordable,not_recommended,none,,none,"Only USD 96.77 is safe today; no eligible plan can finish USD 3028.8 by 2026-08-30 while preserving the minimum balance of USD 1400. Baseline 90-day low: USD 1496.77 on 2026-07-14. A material obligation is Home association fee: USD 183 on 2026-08-04. This is a forecast, not a guarantee of future cash flow."
request_271,13812.36,affordable_later,wait,2024-11-15:91300,2024-11-15,none,"INR 13812.36 is safe to pay today before optional cuts. The recommended wait keeps the 90-day balance at or above INR 58200 (projected low INR 72012.36). A material obligation is Shared housing rent: INR 27800 on 2024-09-04. Confirmed forecast income includes INR 149350 on 2024-09-15; pending credits are excluded. Waiting uses the confirmed INR 103000 inflow on 2024-11-15 before the full payment. A single full payment first becomes safe on 2024-11-15. This preserves the user's stated priorities: emergency savings, housing. The recommendation is safe under the stated 90-day forecast, not guaranteed."
request_272,5415269.09,affordable_with_plan,installments,2025-02-12:4709466.67|2025-03-12:4709466.67|2025-04-09:4709466.67,2025-03-15,none,"IDR 5415269.09 is safe to pay today before optional cuts. The recommended installments keeps the 90-day balance at or above IDR 7508600 (projected low IDR 8214402.43). A material obligation is Home repair reserve: IDR 836000 on 2025-03-02. Confirmed forecast income includes IDR 11780000 on 2025-02-15; pending credits are excluded. This exact provider offer has 3 payments, total cost IDR 14128400.01, and fee IDR 543400.01; it is the highest-ranked safe eligible offer. A single full payment first becomes safe on 2025-03-15. This preserves the user's stated priorities: education, family support. The recommendation is safe under the stated 90-day forecast, not guaranteed."
request_273,9628167.37,affordable_with_plan,partial_payment,2026-04-07:9628167.37|2026-04-15:6232832.63,2026-04-15,none,"IDR 9628167.37 is safe to pay today before optional cuts. The recommended partial payment keeps the 90-day balance at or above IDR 18774600 (projected low IDR 18774600.01). A material obligation is Apartment rent transfer: IDR 10374000 on 2026-05-02. Confirmed forecast income includes IDR 34010000 on 2026-04-15; pending credits are excluded. A single full payment first becomes safe on 2026-04-15. This preserves the user's stated priorities: retirement investment, emergency savings. The recommendation is safe under the stated 90-day forecast, not guaranteed."
request_274,2131.93,affordable_with_plan,installments,2024-12-04:940.75|2025-01-04:940.75|2025-02-04:940.75,2025-01-15,stop:event_25180,"EUR 2131.93 is safe to pay today before optional cuts. The recommended installments keeps the 90-day balance at or above EUR 1800 (projected low EUR 1849.74). A material obligation is Apartment rent transfer: EUR 576.4 on 2025-01-03. Confirmed forecast income includes EUR 2409.63 on 2024-12-15; pending credits are excluded. This exact provider offer has 3 payments, total cost EUR 2822.25, and fee EUR 108.55; it is the highest-ranked safe eligible offer. The 1 authorized flexible-spending adjustment(s) save about EUR 50 per recurrence (stop Video streaming plan) and are minimal for this plan. A single full payment first becomes safe on 2025-01-15. This preserves the user's stated priorities: emergency savings, travel. The recommendation is safe under the stated 90-day forecast, not guaranteed."
request_275,15884000,affordable_now,full_payment,2025-05-06:15884000,2025-05-06,none,"IDR 15884000 is safe to pay today before optional cuts. The recommended full payment keeps the 90-day balance at or above IDR 12760100 (projected low IDR 14380920.77). A material obligation is Shared housing rent: IDR 5225000 on 2025-06-04. Confirmed forecast income includes IDR 16900500 on 2025-05-15; pending credits are excluded. This preserves the user's stated priorities: healthcare, family support. The recommendation is safe under the stated 90-day forecast, not guaranteed."
